動画ID,いい,うい,うまい,ええ,おおい,かっこいい,かっこよい,かわいい,かわゆい,くい,こい,こわい,すい,すごい,っぽい,ない,ほしい,ぽい,やばい,よい,イイ,凄い,可愛い,怖い,懐かしい,早い,欲しい,良い,重い,高い
nm10674682,5,2,0,0,0,0,0,16,1,0,0,0,0,0,0,4,0,0,0,0,0,0,6,0,0,0,0,0,0,0
nm12177206,8,2,1,2,1,0,0,39,3,1,0,0,1,0,1,0,0,0,0,1,0,0,4,0,0,0,0,0,1,0
nm13287759,11,0,1,0,1,6,1,1,0,0,1,9,0,10,3,1,0,0,5,0,0,1,0,7,0,0,0,1,0,0
sm10027079,0,0,0,0,0,0,0,0,0,0,1,4,0,0,0,0,0,0,1,0,0,0,0,2,0,0,0,0,0,0
sm10038694,7,0,0,2,0,0,0,17,0,0,0,0,0,3,1,0,0,0,5,1,0,0,2,0,0,0,1,0,0,0
sm10037227,11,1,0,4,0,32,4,0,0,0,2,0,0,1,1,2,3,0,1,3,1,0,0,0,0,0,0,1,0,0
sm10066433,5,0,0,0,0,0,0,1,0,0,0,0,0,0,0,0,0,1,1,0,0,0,0,0,0,0,0,0,0,1
sm10175368,2,0,0,0,0,0,0,1,0,0,0,0,0,1,0,1,0,0,0,0,0,0,0,0,0,0,0,0,0,0
sm10219141,8,0,0,0,0,3,0,1,0,0,0,0,0,3,0,0,1,0,0,0,0,0,0,0,0,0,1,1,2,0
sm10385393,10,1,0,9,3,16,2,1,0,0,3,0,0,2,0,0,1,2,3,0,1,0,0,1,0,0,1,0,5,0
sm10242501,20,0,0,1,0,10,0,0,0,0,0,2,0,2,3,1,0,1,2,1,0,1,0,0,0,0,0,5,0,0
sm10393864,45,7,7,0,0,1,0,13,3,2,2,0,0,2,0,8,1,0,3,2,2,0,13,0,0,1,0,10,1,1
sm10443985,2,0,1,8,0,0,0,2,0,0,1,11,0,3,0,2,0,0,0,0,0,0,1,1,0,0,0,0,0,0
sm10445286,1,0,0,0,0,5,0,0,0,0,0,0,0,2,0,0,0,0,0,0,0,0,0,0,0,0,1,1,0,0
sm10446457,23,3,0,7,1,0,0,133,8,0,4,1,0,0,5,2,0,1,0,0,2,0,34,0,0,0,0,1,0,1
sm10446708,12,0,0,0,3,5,0,0,0,0,0,0,0,2,0,1,0,0,0,0,0,0,1,0,0,0,0,2,0,0
sm10453745,1,5,0,0,0,2,0,5,2,0,0,0,0,1,0,0,0,0,0,1,0,0,1,0,0,0,0,0,0,0
sm10533832,58,2,0,7,7,14,0,5,0,0,3,2,7,16,0,7,5,2,21,3,4,1,0,2,2,1,3,4,1,3
sm10543519,12,0,1,2,0,1,0,3,1,0,0,0,0,8,1,1,1,0,0,1,1,0,0,0,2,0,2,0,1,0
sm10565041,2,0,0,0,0,1,0,0,0,0,0,0,0,0,1,0,0,0,1,0,0,0,0,0,0,0,0,0,0,0
sm10628168,1,0,1,0,0,5,1,0,0,0,0,0,0,2,0,0,0,0,1,0,0,0,0,0,0,0,0,0,0,0
sm10626762,2,0,0,0,2,0,0,0,0,0,0,0,0,0,0,0,0,0,0,1,0,0,0,0,0,0,0,0,0,0
sm10632158,0,0,0,0,0,0,0,0,0,0,0,0,0,0,0,0,0,0,0,0,0,0,0,0,0,0,0,0,0,0
sm10659443,3,0,0,0,0,0,0,0,0,0,0,0,0,2,0,0,0,0,0,0,0,0,0,0,0,0,0,0,0,0
sm10820620,19,0,1,1,0,1,0,3,0,1,1,0,0,1,1,1,0,0,1,0,1,0,2,0,0,0,1,1,0,0
sm10713103,25,1,0,3,0,0,0,66,1,0,0,0,0,4,7,22,1,0,1,0,0,0,13,0,2,0,0,3,0,0
sm10868543,13,0,0,0,0,0,0,3,0,0,0,0,0,0,1,0,0,1,0,0,0,0,1,0,0,0,0,1,0,1
sm10971662,0,0,0,0,0,0,0,0,0,0,0,0,0,0,0,0,0,0,0,0,0,0,0,0,0,0,0,0,0,0
sm10907267,1,0,0,0,0,1,0,0,0,0,1,0,0,1,0,0,0,0,0,0,0,0,0,0,0,0,0,0,0,0
sm10975244,1,0,0,0,0,0,0,2,0,0,0,0,0,0,0,0,0,0,0,0,0,0,0,0,0,0,0,0,0,0
sm11049254,5,0,0,0,0,0,0,11,0,0,0,0,0,0,0,0,0,0,0,0,0,0,0,0,0,0,0,0,0,0
sm11080597,6,0,0,0,0,0,0,0,0,0,0,0,0,0,1,0,0,0,0,0,0,0,0,0,0,0,0,1,0,1
sm11139657,14,0,0,0,1,6,0,0,0,1,0,0,0,5,0,0,0,0,1,2,2,1,0,1,0,0,0,0,0,0
sm11086161,14,1,1,1,8,30,2,3,0,1,9,0,2,0,13,8,0,3,3,1,0,0,1,0,1,1,1,0,0,0
sm11151641,1,0,0,1,0,0,0,0,0,0,0,0,0,0,0,0,0,0,0,1,0,0,0,0,0,0,0,0,0,0
sm11146117,6,0,0,0,0,23,0,1,0,0,2,0,0,0,0,1,4,1,0,0,0,0,0,0,0,0,0,0,0,0
sm11165729,8,0,0,1,1,4,0,3,0,0,0,0,0,1,1,0,0,0,0,0,0,0,0,0,0,0,0,2,2,0
sm11183729,3,0,0,0,0,2,0,3,0,1,0,0,0,1,0,0,0,0,0,1,0,0,0,0,0,0,0,0,0,0
sm11237572,31,0,0,1,1,51,5,15,0,0,3,0,0,4,2,0,1,0,3,2,2,1,2,0,0,0,0,8,0,0
sm11240351,4,0,0,0,5,0,0,25,3,0,0,0,1,0,0,0,0,0,0,1,0,0,3,0,0,0,0,0,0,0
sm11244099,0,0,0,0,0,0,0,0,0,0,0,0,0,1,0,0,0,0,1,0,0,0,0,0,0,0,0,0,0,0
sm11252628,8,0,0,0,0,3,0,0,0,0,0,0,0,0,2,0,0,0,0,0,0,0,0,0,0,0,0,1,0,0
sm11270299,5,0,0,0,0,0,0,0,0,0,0,0,0,0,0,0,0,0,0,0,0,0,0,0,0,0,0,0,0,0
sm11294837,0,0,0,0,2,0,0,0,0,0,0,0,1,0,0,0,0,0,0,0,0,0,0,0,0,0,0,0,0,0
sm11325190,24,3,0,3,5,0,0,61,4,0,0,0,0,4,5,7,0,0,4,2,0,0,23,0,0,0,1,3,0,0
sm11398259,3,0,0,0,0,0,0,1,0,0,0,0,0,0,0,1,1,1,0,0,0,0,1,0,0,0,0,0,0,0
sm11398357,31,44,0,7,5,77,4,4,0,0,5,1,0,3,0,5,3,2,8,6,3,1,3,0,2,2,4,6,0,0
sm11407152,3,0,0,0,1,0,0,0,0,0,0,0,0,2,1,0,0,0,1,1,0,1,0,0,0,0,0,4,0,0
sm11409063,18,0,1,0,0,2,0,4,0,0,1,0,1,4,5,3,1,0,0,0,3,0,1,0,0,0,0,5,1,0
sm11412217,0,0,0,0,0,0,0,14,0,0,0,0,0,0,0,0,0,0,0,0,1,0,1,0,0,0,0,1,0,0
sm11477181,2,2,0,0,2,2,1,0,0,0,1,0,0,0,0,0,0,0,0,0,0,0,0,0,0,1,0,0,0,0
sm11589161,2,0,0,0,2,0,0,1,0,0,0,0,0,0,2,1,0,0,0,0,1,0,0,0,0,0,0,0,0,0
sm11641089,30,17,0,2,2,41,4,5,0,0,0,0,0,19,5,8,3,3,10,3,1,2,0,1,1,0,2,5,7,2
sm11714132,32,6,1,1,3,0,0,71,2,0,3,0,2,12,3,1,0,0,1,11,0,0,14,1,5,1,2,7,2,1
sm11760748,2,0,0,1,0,5,0,1,0,0,1,0,0,0,0,1,0,0,1,0,0,0,0,0,0,0,1,0,0,0
sm11774439,2,1,0,0,3,0,0,3,0,0,1,0,0,0,5,1,1,2,1,0,0,1,1,0,0,0,2,2,0,0
sm11788815,3,0,0,0,0,0,0,0,0,0,0,0,0,0,0,0,0,0,0,0,0,0,0,0,0,0,0,0,0,0
sm11849610,8,0,1,1,0,5,0,2,0,1,0,0,0,0,1,0,1,1,0,0,0,0,0,0,0,0,0,0,0,0
sm11879325,4,0,0,1,3,2,0,0,0,0,0,0,1,1,0,0,0,1,4,1,0,0,0,0,0,0,0,0,0,0
sm11964950,26,0,0,2,0,27,2,5,0,0,3,0,1,2,5,1,2,0,1,1,0,0,1,0,0,0,0,1,0,0
sm12041264,7,0,0,1,8,4,0,4,0,0,0,0,0,2,0,1,0,0,1,1,0,0,0,0,0,0,0,1,0,0
sm11970630,56,2,1,7,11,47,2,10,1,9,5,0,3,10,1,5,2,1,9,1,4,1,1,0,0,0,2,17,0,2
sm12090023,2,0,0,0,1,0,0,0,0,0,0,0,0,0,0,1,0,0,0,0,1,0,0,0,0,0,0,0,0,0
sm12183265,1,1,0,0,0,2,0,0,0,0,0,0,0,0,0,0,0,0,1,0,0,0,0,0,0,0,0,0,0,0
sm12177762,15,0,0,0,1,1,0,5,0,0,0,0,1,2,0,2,0,0,3,0,0,0,1,0,5,0,0,2,0,0
sm12253877,1,0,0,0,0,0,1,0,0,0,0,0,0,2,1,0,0,0,0,0,0,0,0,0,0,0,0,0,0,0
sm12264707,41,1,2,0,3,16,0,1,0,0,3,0,1,3,4,16,0,0,3,1,0,1,1,0,0,1,1,7,0,1
sm12339479,3,0,0,0,0,5,0,0,0,0,0,0,0,3,1,0,0,0,0,0,0,1,0,0,0,0,0,2,0,0
sm12347529,9,4,0,0,1,0,0,18,1,0,0,0,0,0,3,0,1,2,0,0,0,0,2,0,0,0,0,1,0,0
sm12355109,4,0,0,2,0,1,0,1,0,0,0,0,0,3,1,2,2,0,1,0,0,0,0,0,0,1,1,0,0,1
sm12365006,8,0,0,0,0,0,0,10,1,0,0,0,0,0,2,1,0,0,0,0,1,1,1,0,0,0,0,1,0,0
sm12412526,5,0,1,0,0,0,0,5,2,0,0,0,0,1,0,1,0,0,1,0,0,0,0,0,0,0,1,0,0,0
sm12377743,0,0,0,1,0,3,0,0,0,0,0,0,0,1,0,0,0,0,0,0,1,0,4,0,0,0,0,0,0,0
sm12396792,20,1,0,1,0,28,6,5,0,0,2,0,0,8,0,4,0,0,6,1,0,1,1,0,0,0,2,2,0,1
sm12468990,7,0,0,0,2,0,0,6,0,0,0,0,0,0,0,0,0,0,0,0,0,0,0,0,1,0,0,1,0,0
sm12476122,1,0,0,0,0,0,0,0,0,0,0,0,0,1,0,0,0,0,0,0,0,0,1,0,0,0,0,0,0,0
sm12507705,4,0,0,0,0,0,0,12,2,0,0,0,1,0,0,0,0,0,0,1,0,0,4,0,0,0,0,0,0,0
sm12527072,3,1,0,0,1,0,0,12,1,0,0,0,0,0,0,0,0,0,0,0,0,0,3,0,0,0,0,0,0,0
sm12556756,3,1,0,0,2,0,0,8,0,0,0,0,0,0,0,0,1,0,0,0,0,0,2,0,0,0,0,0,0,0
sm12581573,2,0,0,0,0,0,0,3,0,0,0,0,0,0,0,0,0,0,0,0,0,0,1,0,0,0,0,0,0,0
sm12549171,51,34,5,6,3,94,5,3,0,1,1,0,1,3,3,3,1,1,5,3,0,1,1,0,0,0,0,3,0,2
sm12588223,5,0,0,0,0,0,0,0,0,0,0,0,0,0,0,0,0,0,1,0,0,0,0,0,0,0,0,1,0,0
sm12616812,7,0,0,0,0,0,0,1,0,0,0,0,0,0,1,0,0,0,0,0,0,0,0,0,0,0,1,0,0,1
sm12645546,20,0,0,0,0,1,0,2,0,1,0,0,0,1,1,0,2,1,2,0,1,0,1,0,0,0,0,2,0,0
sm12647084,13,0,0,1,1,7,0,2,0,0,2,1,0,2,0,0,0,0,2,0,0,0,0,0,0,0,0,0,0,0
sm12595936,16,2,0,1,1,23,3,0,0,1,4,0,5,2,1,5,1,0,7,1,0,1,0,3,0,4,1,5,0,1
sm12648576,2,0,0,0,0,2,0,2,0,0,0,0,0,1,0,0,0,0,1,0,0,0,0,0,0,0,0,0,0,0
sm12671927,11,0,0,0,0,0,0,2,1,0,0,0,0,0,0,0,1,0,0,0,0,1,3,0,0,0,0,0,0,0
sm12718205,6,0,0,0,0,0,0,11,2,0,1,0,0,0,0,1,0,0,2,1,0,0,2,0,0,0,1,0,1,0
sm12835874,0,0,1,0,0,0,0,2,0,0,0,0,1,0,0,0,0,0,0,0,0,0,0,0,0,0,0,0,0,0
sm12757490,47,1,0,7,3,0,0,127,7,1,3,0,1,4,2,5,1,0,0,4,1,1,25,0,0,0,0,1,0,1
sm12875825,1,0,0,1,0,0,0,0,0,0,0,0,0,2,1,0,0,0,0,0,0,0,0,0,0,0,0,0,0,0
sm12864126,12,2,1,2,4,25,0,15,1,0,0,0,0,11,13,7,1,3,3,0,2,3,5,0,2,1,1,1,1,0
sm12888483,2,0,0,0,0,2,0,0,0,0,1,0,0,0,0,1,0,0,0,0,0,0,0,0,0,0,0,1,0,0
sm12894209,15,1,0,6,16,36,2,13,1,1,0,0,1,0,0,5,1,3,8,5,1,0,6,0,1,1,0,3,0,0
sm12929188,1,0,0,0,0,1,0,0,0,0,0,0,0,0,0,0,0,0,0,0,0,0,0,0,0,0,0,0,2,0
sm12967128,0,0,0,0,0,2,0,0,0,0,0,0,0,0,0,0,0,0,1,0,0,0,0,0,0,0,0,0,0,0
sm12957824,19,2,0,3,0,0,0,92,6,0,0,0,0,0,1,1,1,0,3,3,0,0,12,0,0,0,0,0,0,0
sm12981881,4,0,0,1,0,1,0,1,0,0,0,0,0,2,0,0,0,0,3,0,0,0,1,0,0,0,0,0,0,0
sm12990765,5,0,0,0,0,4,0,1,0,0,0,0,0,1,0,2,0,0,0,0,1,0,0,0,0,0,0,1,0,0
sm13087456,4,0,0,5,2,5,2,1,0,0,0,0,0,2,0,1,0,0,7,1,0,1,0,0,0,0,0,0,0,0
sm13101737,1,0,0,0,0,3,0,0,0,0,0,0,0,1,0,0,1,0,1,0,0,0,0,0,0,0,0,0,0,0
sm13121567,3,1,0,0,0,0,0,6,0,0,0,0,0,1,0,0,0,0,0,0,0,0,2,0,0,0,0,0,0,0
sm13124416,1,0,0,0,0,0,0,2,0,0,0,0,0,0,0,0,0,0,0,0,0,0,0,0,0,0,0,0,0,0
sm13207406,6,0,0,1,1,1,0,0,0,0,0,0,0,0,0,0,0,0,0,0,0,0,0,0,0,0,0,0,0,0
sm13269029,7,0,1,1,0,5,0,0,0,0,0,0,0,1,0,0,0,0,0,0,0,0,0,0,0,0,0,0,0,0
sm13283978,3,0,0,0,0,3,1,0,0,0,0,0,0,0,1,0,1,4,0,0,0,0,0,0,0,0,0,1,0,0
sm13304052,36,0,0,1,1,0,0,59,10,1,0,0,1,3,1,5,0,0,2,2,2,0,27,0,0,0,4,1,0,0
sm13306896,80,7,16,4,12,5,0,68,5,5,1,3,1,23,11,9,1,3,11,3,1,1,16,8,0,0,0,6,0,2
sm13355870,0,0,0,0,0,0,0,0,0,0,0,0,0,0,1,0,0,0,0,0,0,1,0,0,0,0,0,0,0,0
sm13361994,35,5,0,6,42,13,0,69,10,1,1,0,3,5,0,11,6,4,10,15,2,1,61,0,0,0,5,13,0,1
sm13523086,1,0,0,0,1,0,0,1,0,0,1,3,0,0,0,0,0,0,0,0,0,0,0,2,0,0,0,0,0,0
sm13539726,1,0,0,1,0,11,1,1,0,0,0,0,0,0,1,1,0,1,1,0,0,0,0,0,0,0,0,0,0,0
sm13611637,0,0,0,0,0,3,0,0,0,0,0,0,0,0,0,0,0,0,0,0,0,0,0,0,0,0,0,0,0,0
sm13660306,5,0,0,0,0,0,0,0,0,0,0,0,0,0,0,0,0,0,0,0,0,0,0,0,0,0,0,0,0,0
sm13667717,15,0,0,0,0,25,2,2,0,0,1,0,0,1,0,0,1,0,0,0,0,0,1,0,0,2,0,1,0,2
sm13688764,0,0,0,0,0,0,0,11,0,0,0,0,0,0,0,0,0,0,0,0,0,0,3,0,0,0,0,0,0,0
sm13743929,11,0,0,0,0,6,1,6,0,0,0,0,0,3,0,1,0,0,0,0,1,2,1,0,0,0,0,5,0,0
sm13828417,1,0,0,0,0,1,0,4,1,1,0,0,0,1,0,0,0,0,0,0,0,0,1,0,0,0,0,0,0,0
sm13877207,4,4,0,0,0,0,0,2,0,0,0,0,0,0,0,0,0,0,0,0,0,0,1,0,0,0,0,0,0,0
sm13906236,0,0,0,1,0,2,0,2,0,0,0,0,0,0,0,0,0,0,1,0,0,1,1,0,0,0,0,0,0,0
sm13933448,1,0,0,0,0,0,0,0,0,0,0,0,0,0,0,2,0,1,0,0,0,0,0,0,0,0,0,0,0,0
sm13975932,1,0,0,0,0,0,0,0,0,0,0,0,0,1,0,0,0,0,0,0,0,0,0,0,0,0,0,1,0,0
sm13984259,3,3,0,0,0,6,0,0,0,0,1,0,0,2,0,0,1,0,6,0,1,0,0,0,0,0,0,0,0,0
sm13988881,7,0,0,0,1,0,0,14,1,0,0,0,0,0,0,0,0,0,0,1,0,0,1,0,0,0,0,0,0,0
sm13991340,12,1,0,0,1,0,0,1,0,0,0,0,0,0,0,1,0,0,0,1,0,0,1,0,0,0,0,1,0,0
sm14011063,4,3,0,0,0,0,0,4,0,0,0,0,0,3,0,19,0,0,0,0,0,0,1,0,0,0,0,0,0,0
sm14023769,1,0,0,0,0,0,0,6,0,0,0,0,0,0,0,0,0,0,0,0,0,0,0,0,0,0,0,0,0,0
sm14019085,11,0,0,0,0,2,0,1,0,0,0,0,0,2,2,0,0,1,0,0,0,0,0,0,0,1,0,2,0,0
sm14026396,2,0,0,0,0,0,0,3,0,0,0,0,0,0,0,0,0,0,0,0,0,0,0,0,0,0,1,0,0,0
sm14162938,1,2,0,0,0,0,0,6,0,0,0,0,0,0,0,0,0,0,0,0,0,0,4,0,0,0,0,0,0,0
sm14129888,11,0,0,0,0,2,0,0,0,1,0,0,1,0,0,1,0,0,0,0,0,0,0,0,0,0,0,0,0,0
sm14188383,5,0,0,0,0,5,0,0,0,0,0,0,0,0,0,0,0,0,0,0,0,0,0,0,0,0,0,1,0,0
sm14178212,3,0,0,0,0,0,0,1,0,0,0,0,0,0,0,0,0,0,0,0,0,0,0,0,0,0,0,0,0,0
sm1418287,4,1,3,7,0,0,0,1,0,0,0,0,2,17,0,2,0,0,0,1,1,4,0,0,0,0,1,2,0,2
sm14270346,18,1,0,0,2,28,1,3,0,0,2,0,0,2,0,0,0,1,7,0,2,0,0,0,0,0,0,0,1,0
sm14300255,2,0,0,0,0,0,0,4,0,0,0,0,0,0,0,0,0,0,0,0,0,0,0,0,0,0,0,0,0,0
sm14274692,2,1,1,4,2,2,0,0,0,1,1,5,0,1,0,1,1,0,1,0,0,1,0,13,0,18,0,0,0,0
sm14367556,2,0,0,0,0,0,0,0,0,0,0,0,0,1,0,0,0,0,0,0,0,0,0,0,0,0,0,0,0,0
sm14340959,1,0,0,0,0,0,0,6,0,0,0,0,0,0,0,0,0,0,0,1,0,0,4,0,0,0,0,0,0,0
sm14407430,5,0,0,0,0,6,0,0,0,0,0,0,0,4,0,0,0,0,1,1,0,0,0,0,0,0,0,0,0,0
sm14503375,1,0,0,1,0,0,0,0,0,0,1,0,0,0,1,0,0,0,0,0,0,0,0,0,0,0,0,0,0,0
sm14535451,28,4,1,2,4,1,0,128,6,1,2,1,2,18,0,0,0,0,3,2,0,0,14,0,0,0,2,4,3,1
sm1459286,0,0,0,0,0,0,0,2,0,0,0,0,0,0,0,0,0,0,0,0,0,0,0,0,0,0,0,0,0,0
sm14605161,3,0,0,0,0,0,0,0,0,0,0,0,0,1,0,0,0,0,0,0,0,0,0,0,0,0,0,0,0,0
sm14606732,9,1,1,1,5,8,2,14,2,0,0,0,0,5,4,0,1,1,3,2,2,0,1,3,0,0,0,3,0,0
sm14619871,3,0,0,0,0,2,0,0,0,0,0,0,0,0,0,0,0,1,0,0,1,0,1,0,0,0,0,0,0,0
sm14637044,0,0,0,0,0,0,0,0,0,0,0,0,1,0,0,0,0,0,0,0,0,0,0,0,0,0,0,1,0,0
sm14639128,8,0,0,0,0,0,0,9,0,0,0,0,0,1,0,0,0,0,0,0,0,0,1,0,0,0,0,0,0,0
sm14639413,11,0,0,2,1,0,0,47,1,0,0,0,0,0,0,11,0,1,1,0,0,0,9,0,0,0,1,1,0,0
sm14657185,3,0,0,3,1,0,0,0,0,0,0,0,0,0,0,0,0,0,0,0,0,0,1,0,0,0,0,0,0,0
sm14641461,18,0,0,6,1,14,1,9,0,0,0,3,0,7,5,1,1,1,1,3,0,0,3,1,0,0,0,2,11,2
sm14662292,3,0,0,0,1,2,0,0,0,0,0,0,0,4,0,0,0,0,0,0,0,0,0,0,0,0,0,0,0,0
sm14679230,5,0,0,2,0,0,0,26,1,0,0,0,1,1,0,1,0,0,1,0,1,0,2,0,0,0,0,0,0,0
sm14700702,5,1,0,0,0,0,0,3,0,0,0,0,0,0,0,0,0,0,0,0,0,0,1,0,0,0,0,0,0,0
sm14704133,6,0,0,1,1,1,0,7,0,0,0,0,0,1,0,2,0,0,1,0,1,0,1,0,0,0,0,0,0,0
sm14742092,2,0,0,0,0,0,0,11,0,0,0,0,0,1,0,0,0,0,0,0,0,0,0,0,0,0,0,0,0,0
sm14731596,2,0,0,2,0,0,0,7,0,0,0,0,0,0,0,0,0,0,0,1,0,0,2,0,0,0,0,0,0,0
sm14760181,14,0,0,0,0,6,2,0,0,0,1,0,0,4,2,2,4,0,3,2,2,0,0,0,0,0,0,1,0,1
sm14820593,6,0,0,0,0,0,0,1,0,0,0,0,0,1,0,0,0,0,0,0,1,0,0,0,0,0,0,0,0,0
sm14829786,6,0,0,0,2,0,0,4,0,0,0,0,0,2,0,0,0,1,0,1,0,0,1,0,0,0,1,0,0,0
sm14849770,0,0,0,0,0,3,0,0,0,0,0,0,0,0,0,0,0,0,1,0,0,0,0,0,0,0,0,0,0,0
sm14891347,1,0,0,0,0,1,0,0,0,0,0,0,0,1,0,0,0,0,0,0,0,0,0,0,0,0,0,0,0,0
sm14864051,13,0,0,1,1,0,0,3,0,0,0,0,1,2,0,1,0,0,1,0,0,0,1,0,0,0,0,0,0,0
sm14904005,7,0,0,0,1,3,0,0,0,0,0,0,0,0,1,0,1,0,0,0,0,1,0,0,0,0,0,0,0,0
sm14926860,18,2,1,8,1,19,3,4,0,1,4,0,3,2,1,5,1,0,5,3,1,0,2,0,3,0,0,1,0,1
sm14945102,1,0,0,0,0,0,0,4,0,0,0,0,0,0,0,0,0,0,0,0,0,0,1,0,0,0,0,0,0,0
sm14934781,4,2,0,1,0,0,0,0,0,6,0,0,0,1,0,2,0,2,3,1,1,0,3,2,0,0,0,1,0,0
sm15010446,3,1,0,1,1,14,0,0,0,0,0,0,0,1,0,1,0,0,0,0,1,0,0,0,0,0,0,1,0,0
sm14989713,5,3,0,2,1,4,0,1,0,0,0,0,0,1,0,3,2,1,5,0,0,1,1,2,1,0,0,1,0,0
sm15015175,1,0,0,0,0,4,0,0,0,0,0,0,0,0,0,0,0,0,1,0,0,0,0,0,0,0,0,0,0,0
sm15016420,24,10,0,10,4,1,0,157,10,1,4,0,0,2,2,5,3,1,11,5,2,0,50,1,2,1,0,3,2,0
sm15044727,3,0,1,0,0,1,0,1,0,0,0,0,0,0,2,0,0,0,0,0,1,0,0,0,0,0,0,1,0,0
sm15022913,14,10,1,1,13,0,0,8,1,0,1,0,3,10,0,6,1,0,9,3,2,1,32,1,0,1,1,2,0,0
sm15032299,14,0,0,1,0,0,0,32,1,0,0,0,0,3,5,0,0,1,2,0,0,0,6,0,0,0,0,1,0,1
sm15054061,6,2,0,3,0,29,2,1,0,0,1,1,0,1,0,6,0,0,5,1,0,0,0,0,0,0,0,0,1,0
sm15090846,6,0,0,0,0,1,0,0,0,0,0,0,0,1,0,0,0,1,0,0,0,0,0,0,0,0,0,4,0,0
sm15099538,2,0,0,0,0,0,0,1,0,0,0,0,0,0,0,0,0,0,0,0,0,0,0,0,0,0,0,0,0,0
sm15101518,2,2,0,2,0,0,0,16,1,1,0,0,0,0,0,0,1,0,0,0,0,1,9,0,0,0,0,0,0,0
sm15107170,3,0,0,0,0,5,1,0,0,0,0,0,0,0,1,0,0,0,0,1,0,0,0,0,0,0,0,1,0,0
sm15147135,2,0,0,0,0,6,1,0,0,0,1,0,1,2,0,0,0,1,2,0,0,0,0,0,0,0,1,0,0,0
sm15189350,6,2,0,1,0,0,0,5,0,0,0,0,1,3,0,2,0,0,0,0,0,0,1,0,0,0,0,0,0,0
sm15207451,16,1,0,2,2,0,0,24,0,0,0,0,0,1,0,1,0,0,1,0,0,0,9,0,0,4,0,0,1,0
sm15242659,1,0,0,0,0,0,0,0,0,0,0,0,0,0,0,0,0,1,0,0,0,0,0,0,0,0,0,0,0,0
sm15230821,20,4,2,2,2,8,2,19,1,0,3,1,0,5,0,13,2,0,8,18,0,0,5,2,0,0,1,3,0,0
sm15279074,44,2,0,12,1,0,0,135,10,4,1,0,1,1,4,11,2,0,5,0,1,0,25,0,1,3,0,1,0,0
sm15289816,0,0,0,0,0,1,0,0,0,0,0,0,0,0,0,0,0,0,0,0,0,1,0,0,0,0,1,1,0,0
sm15318436,2,1,0,0,0,2,0,0,0,0,1,0,0,0,0,0,0,0,0,0,0,0,0,0,0,0,1,0,0,0
sm15308214,20,9,1,2,1,12,1,6,1,5,6,2,2,1,0,8,1,0,6,4,2,0,3,7,3,0,2,1,1,1
sm15350132,1,0,0,0,0,0,0,3,0,0,0,0,0,0,0,0,0,0,0,0,0,0,0,0,0,0,0,0,0,0
sm15354560,2,0,0,0,0,0,0,3,0,0,0,0,0,0,0,0,0,0,1,0,0,0,0,0,0,0,0,1,0,0
sm15361114,4,0,0,2,0,2,0,2,0,0,0,0,0,0,0,0,0,0,1,0,0,0,0,0,0,0,1,0,0,0
sm15428781,3,0,0,0,0,0,0,0,0,0,0,0,0,0,0,0,0,0,0,0,0,0,0,0,0,0,0,0,0,0
sm15430979,5,0,0,0,0,0,0,11,0,0,0,0,0,0,0,0,0,0,1,0,0,0,1,0,0,0,0,0,0,0
sm15448244,2,0,0,0,0,6,0,3,0,2,1,0,0,0,0,0,0,2,0,0,0,0,0,0,0,0,0,1,0,1
sm15470588,0,0,0,0,0,0,0,1,0,0,0,0,0,0,0,0,0,0,0,0,0,0,0,0,0,0,0,0,0,0
sm15474540,2,0,0,1,0,0,0,2,0,0,0,0,0,3,2,0,0,0,1,1,0,0,0,0,0,0,0,1,0,0
sm15493390,0,0,0,0,0,0,0,2,0,0,0,0,0,1,0,0,0,0,0,0,0,0,0,0,0,0,0,0,0,0
sm15522536,1,0,0,0,0,0,0,0,0,0,0,0,0,1,0,0,1,0,0,0,0,1,0,0,0,0,0,0,0,0
sm15522291,5,0,0,0,0,4,0,1,0,0,0,0,0,1,0,0,0,0,3,0,0,0,0,0,0,0,0,0,0,0
sm15531021,4,0,0,0,0,0,0,0,0,0,0,0,0,1,0,0,0,0,2,1,0,0,0,0,0,0,0,3,0,1
sm15533024,0,0,0,0,0,7,0,0,0,0,0,0,0,0,0,0,0,0,0,0,0,0,0,0,0,0,0,0,1,1
sm15553296,8,0,0,2,1,16,0,0,0,0,0,0,0,3,0,5,0,0,0,1,0,0,0,0,0,0,0,0,1,0
sm15568640,7,0,0,0,0,0,0,0,0,0,0,0,0,0,0,0,0,0,0,0,0,0,0,0,0,0,0,0,0,0
sm15572522,7,0,0,0,0,1,0,0,0,0,0,0,0,0,0,0,0,0,0,0,0,0,0,0,1,0,0,0,0,0
sm15652860,7,0,0,0,0,2,0,0,0,0,0,0,0,4,1,0,1,0,0,1,0,0,0,0,0,0,0,0,0,0
sm15583068,3,0,0,0,1,1,0,0,0,0,1,0,0,3,1,0,0,0,0,0,0,1,0,0,0,0,0,1,0,0
sm15676851,40,3,0,6,7,9,0,177,9,1,2,0,0,4,1,17,2,1,6,4,0,0,42,1,0,0,0,2,0,3
sm15686024,4,0,1,0,0,0,0,1,0,0,0,0,0,1,0,1,1,0,0,0,0,0,0,0,0,1,0,0,0,0
sm15686051,0,0,0,0,0,0,0,3,0,0,0,0,0,0,1,0,0,0,0,0,0,0,1,0,0,0,0,0,0,0
sm15696369,5,0,0,1,0,0,0,3,0,0,0,0,0,0,0,0,0,0,0,0,0,0,0,0,0,0,0,0,0,0
sm15714327,1,0,0,0,1,6,0,0,0,0,2,0,0,0,0,0,0,1,0,1,0,0,0,0,0,0,0,1,0,0
sm15719556,33,0,0,3,1,5,0,54,7,0,0,3,2,1,0,5,0,1,2,1,1,0,14,2,0,0,0,2,3,1
sm15741427,1,0,0,0,0,1,0,0,0,0,0,0,0,0,1,1,0,0,0,0,0,0,0,0,0,0,0,0,1,0
sm15719565,3,1,0,0,0,1,0,1,0,0,0,0,0,0,0,0,1,1,1,0,0,0,0,0,1,0,0,1,0,0
sm15751190,53,1,0,1,15,3,0,2,0,0,2,0,2,1,0,28,0,2,2,2,0,0,5,2,6,0,0,13,0,0
sm15789837,2,0,0,0,1,0,0,0,0,0,0,0,0,0,0,0,0,0,1,0,0,0,0,0,0,1,1,0,0,0
sm15800552,12,0,0,0,0,0,0,2,0,0,0,0,0,2,0,0,0,0,0,0,0,0,0,0,0,1,0,1,0,0
sm15825105,2,0,0,0,0,0,0,0,0,0,1,13,0,0,0,2,0,0,0,0,0,0,0,1,0,0,0,0,0,0
sm15815944,1,0,0,0,0,3,0,0,0,0,0,0,0,2,2,0,0,0,0,0,0,0,0,0,0,0,0,0,0,0
sm15841119,1,0,0,0,1,2,0,0,0,0,0,0,0,0,0,0,0,0,0,0,0,0,0,0,0,0,0,0,0,0
sm15844332,1,0,0,0,0,1,0,0,0,0,0,0,0,0,0,0,0,0,0,0,0,0,0,0,0,0,0,1,0,0
sm15853580,2,0,0,0,0,5,0,0,0,0,0,0,0,2,0,0,0,0,0,0,0,0,0,0,0,0,0,0,1,0
sm15922203,8,0,0,0,1,2,0,0,0,0,0,0,0,1,0,0,0,0,0,1,1,0,0,0,0,0,0,0,0,0
sm15875228,8,0,0,0,1,1,0,1,0,0,0,0,0,5,0,1,0,0,6,0,0,2,0,1,0,0,0,0,0,0
sm15933955,5,1,0,1,0,0,0,9,0,0,0,0,0,0,0,0,0,0,1,1,0,0,2,0,0,0,1,0,0,0
sm15942116,4,0,0,0,0,0,0,2,0,0,0,0,0,0,0,0,0,0,0,0,0,0,1,0,0,0,0,0,0,0
sm15955450,4,0,0,0,0,6,0,3,0,1,2,0,0,1,0,0,0,0,1,0,1,0,1,0,0,0,1,0,0,0
sm15970184,0,0,0,0,0,0,0,0,0,0,0,0,0,0,0,0,0,0,0,0,0,0,0,0,0,0,0,0,0,0
sm15980251,6,0,0,2,0,0,0,7,1,1,0,0,0,2,0,0,0,0,0,1,0,0,1,0,1,0,1,0,0,0
sm15987636,3,0,1,0,5,10,0,0,0,0,2,0,0,3,1,1,0,0,1,0,0,0,0,2,1,0,0,1,0,1
sm16007598,1,0,0,0,0,0,0,2,0,0,0,0,0,0,0,0,0,0,1,0,0,0,0,0,0,0,0,0,0,0
sm16011363,41,4,1,7,1,75,2,0,0,0,2,1,0,2,1,6,0,0,11,2,1,0,0,0,0,1,2,2,0,1
sm16065869,0,0,0,2,0,0,0,3,0,0,0,0,0,0,0,0,0,0,0,0,0,0,0,0,0,0,0,1,0,0
sm16069888,1,0,0,0,0,0,0,3,1,0,0,0,0,2,1,0,0,0,0,0,1,0,0,0,0,0,0,0,0,0
sm16049992,18,1,1,27,11,0,0,35,5,0,0,0,0,3,1,1,0,0,6,1,0,1,2,0,0,0,1,1,0,0
sm16070272,0,0,0,1,0,1,1,1,0,0,0,0,0,1,0,0,0,0,0,0,0,0,0,0,0,0,0,0,0,0
sm16076097,3,0,0,0,0,0,0,1,0,0,0,0,0,0,0,0,0,0,0,7,0,0,0,0,0,0,0,4,0,0
sm16079453,1,1,0,0,0,1,0,2,0,0,0,0,0,0,0,0,0,0,0,0,0,0,2,0,0,0,0,0,0,0
sm16085344,0,0,0,0,0,0,0,0,0,0,0,0,0,1,0,0,0,0,0,0,0,0,1,0,0,0,0,0,0,0
sm16137694,2,0,0,3,0,0,0,13,0,0,0,0,0,1,0,0,0,0,0,0,0,0,0,0,0,0,0,0,0,0
sm16187258,3,0,0,0,0,0,0,0,0,0,0,0,0,1,0,0,0,0,3,1,0,3,0,0,0,0,0,1,0,1
sm16201802,6,0,0,0,0,1,0,1,0,0,0,0,0,1,0,0,0,0,0,1,0,0,2,0,0,0,0,0,0,0
sm16229812,3,0,0,1,0,0,0,3,1,0,0,0,0,1,1,0,1,0,0,0,0,0,0,0,0,0,0,2,0,0
sm16231559,20,0,0,0,4,22,1,0,0,0,0,0,0,0,2,1,0,0,2,0,0,1,0,0,0,0,0,2,0,0
sm16238717,11,1,0,2,1,4,0,1,1,0,1,4,0,10,0,4,0,0,6,0,2,0,1,10,0,0,0,1,3,0
sm16253955,2,0,0,1,0,5,0,1,0,0,0,0,0,0,0,0,0,0,0,0,0,1,0,0,0,0,0,0,0,0
sm16258483,0,0,0,0,0,0,0,3,0,0,0,0,0,0,0,0,0,0,0,0,0,0,0,0,0,0,0,0,0,0
sm1632617,3,1,0,0,0,0,0,0,0,0,0,0,1,2,0,0,0,0,0,1,1,1,0,0,0,0,0,0,0,0
sm16352396,1,0,0,0,0,0,0,1,0,0,0,0,0,0,0,0,0,0,0,0,0,0,0,1,0,0,0,0,0,0
sm16353783,79,2,1,12,11,5,1,67,5,1,0,0,0,37,7,10,1,0,15,0,7,4,11,0,1,0,2,9,0,1
sm16386722,7,0,0,0,1,0,0,2,0,0,0,0,0,1,0,0,0,0,0,0,0,0,1,0,0,0,0,0,0,0
sm16366329,19,4,1,9,2,5,0,58,8,5,2,0,2,4,0,7,1,1,7,9,3,2,31,0,0,0,0,0,0,1
sm16387915,13,0,0,0,0,1,0,0,0,0,0,0,0,1,0,0,0,0,5,1,0,0,0,1,0,0,0,3,0,0
sm16405963,16,2,2,1,0,0,0,42,1,9,2,1,3,5,1,6,0,0,12,1,2,0,13,0,1,1,0,2,0,1
sm16409992,2,0,0,0,0,0,0,2,0,0,0,0,0,1,0,0,0,0,0,0,0,0,0,0,0,0,0,1,0,0
sm16448432,3,0,0,0,0,4,0,0,0,0,0,0,0,0,0,0,0,1,0,0,0,0,0,0,0,0,0,0,0,0
sm16475295,2,0,0,0,0,0,0,0,0,0,0,0,0,0,0,1,0,0,0,0,0,0,0,0,0,0,0,1,0,0
sm16493013,0,0,0,0,0,0,0,3,0,0,0,0,0,0,0,0,0,0,1,0,0,0,0,0,0,0,0,0,0,0
sm16496406,1,0,0,0,0,0,0,0,0,0,0,0,0,1,0,0,0,0,0,0,0,0,0,0,0,0,0,0,0,0
sm16527005,1,0,0,0,0,0,0,0,0,0,0,0,0,0,0,0,0,0,0,0,0,0,0,0,0,0,0,1,0,0
sm16559290,2,0,0,0,0,0,0,5,0,0,0,0,0,0,0,0,1,0,1,0,0,0,0,0,0,0,0,0,0,0
sm16588541,5,0,0,0,1,0,0,0,0,0,0,0,0,1,0,0,0,0,0,0,0,0,0,0,0,0,0,0,0,0
sm16583264,12,0,0,0,0,0,0,0,0,0,1,0,0,3,0,0,0,0,0,2,0,0,0,0,0,0,0,0,0,0
sm16659931,34,2,0,1,1,18,0,1,0,1,2,0,1,7,0,2,1,0,1,0,1,0,0,0,0,0,0,7,0,0
sm16670262,5,0,0,0,0,0,0,0,0,0,0,0,0,5,0,1,2,1,1,0,0,1,0,0,0,0,1,1,0,0
sm16681219,4,0,0,0,0,0,0,0,0,0,0,0,0,0,0,0,0,0,0,0,0,0,0,0,1,0,0,0,0,0
sm16707821,11,0,0,2,0,0,0,21,2,0,0,0,0,1,1,0,0,1,2,0,0,0,3,0,0,0,0,0,0,0
sm16693218,41,5,0,2,3,28,2,36,0,0,17,1,1,13,3,5,1,2,8,1,0,2,7,0,1,1,4,2,0,0
sm16719809,18,8,0,6,27,0,0,155,17,3,1,0,2,4,1,5,1,2,6,4,1,0,88,0,0,0,1,1,0,2
sm16729081,6,1,0,3,0,0,0,29,2,0,0,0,0,0,0,2,0,3,0,0,1,0,3,0,0,0,0,0,0,0
sm16734827,1,1,0,0,0,1,0,0,0,0,0,0,0,1,0,3,0,0,0,0,0,0,0,0,0,0,0,0,0,0
sm16735237,0,0,0,0,0,0,0,1,0,0,0,0,0,0,0,0,0,0,0,0,0,0,0,0,0,0,0,2,0,0
sm16765671,9,0,0,0,0,28,4,0,0,0,0,0,1,1,0,1,2,1,7,2,2,1,0,0,0,0,0,2,0,0
sm16768902,2,0,0,2,0,0,0,5,0,0,0,0,0,0,0,0,0,0,0,0,0,1,0,2,0,0,0,2,0,0
sm16769854,5,0,0,2,0,4,0,1,0,0,1,0,0,2,0,0,0,0,0,0,0,0,0,0,0,0,0,0,0,0
sm16770185,0,0,0,0,0,0,0,2,0,0,0,0,0,0,0,0,0,0,0,0,0,0,0,0,0,0,0,0,0,0
sm16772333,2,0,0,0,0,0,0,3,1,0,0,0,0,1,0,0,0,0,0,0,0,0,0,0,0,0,0,0,0,0
sm16772487,16,1,0,3,10,5,0,17,1,0,2,0,0,3,0,1,1,0,1,0,0,1,3,0,0,0,0,2,0,0
sm16799739,6,0,0,0,0,0,0,0,0,0,0,0,0,0,1,0,1,0,0,0,0,0,0,0,0,0,0,0,0,0
sm16800139,3,0,0,0,0,0,0,1,0,0,0,0,0,0,0,0,0,0,0,0,0,0,0,0,0,0,0,0,0,0
sm16825773,2,0,0,0,0,9,0,0,0,0,0,0,0,1,0,0,0,1,0,2,0,0,0,0,0,0,0,0,0,0
sm16827089,1,0,0,1,6,1,0,0,0,1,0,0,0,0,1,0,0,0,0,0,0,0,0,0,0,0,0,0,0,0
sm16833058,11,0,0,3,1,0,0,53,4,1,0,0,0,0,0,0,0,0,1,0,0,0,7,0,0,0,0,1,0,0
sm16844849,19,4,0,2,1,0,0,12,0,0,1,0,1,1,0,0,3,3,4,0,0,1,1,0,0,0,1,0,2,0
sm16846374,13,7,0,3,5,0,0,50,7,0,0,0,1,0,0,3,2,0,2,9,6,0,44,1,0,0,0,6,0,1
sm16859428,57,3,1,3,3,3,0,52,2,0,1,0,0,7,5,10,2,1,3,2,2,0,15,1,0,0,0,4,1,0
sm16913043,2,0,0,0,0,3,0,0,0,0,0,0,0,0,0,0,0,0,0,0,0,0,0,0,0,0,0,0,0,0
sm16969007,18,0,2,4,0,5,0,8,0,0,0,0,1,2,0,2,1,0,4,1,0,1,3,0,0,1,0,4,0,0
sm17015301,3,0,1,2,0,0,0,8,0,0,0,0,0,0,0,1,0,0,1,0,0,0,6,0,0,0,0,1,1,0
sm16980824,11,1,0,3,2,31,0,1,0,0,2,0,1,2,1,0,0,0,2,1,0,0,0,0,0,0,0,2,6,1
sm16973327,24,2,0,7,7,23,5,6,1,8,2,0,2,8,3,9,1,0,4,1,1,3,6,0,0,0,0,3,1,1
sm17020500,2,0,0,0,0,4,0,0,0,0,0,0,0,1,0,0,0,0,0,0,0,0,0,0,0,0,0,1,0,0
sm17067188,8,0,0,0,0,0,0,1,0,1,0,0,0,0,0,2,0,0,0,0,0,0,0,0,0,0,0,0,0,0
sm17092280,1,0,0,0,0,0,0,4,0,0,0,0,0,1,0,0,0,0,0,0,0,0,0,0,0,0,0,0,0,0
sm17134469,5,0,0,1,2,0,0,0,0,0,0,0,0,0,0,0,0,0,1,0,0,1,0,0,0,0,0,0,0,0
sm17112691,22,6,1,3,0,23,0,14,0,1,2,0,0,7,0,1,2,1,7,3,2,0,2,0,0,0,0,1,1,0
sm17142789,21,0,1,0,7,0,0,0,0,1,3,0,1,9,8,4,0,0,2,8,0,2,1,0,2,5,0,6,1,1
sm17147346,5,0,0,0,0,2,0,1,0,0,0,0,0,0,0,0,0,0,1,0,0,0,0,0,0,0,0,0,0,0
sm1718025,1,3,0,2,0,0,0,3,0,0,1,0,0,0,0,2,0,0,1,2,0,0,1,0,1,1,1,1,0,0
sm17201316,13,0,0,1,1,2,0,2,0,0,0,0,0,2,1,1,0,0,0,2,1,0,0,1,0,0,0,2,0,0
sm17202463,0,0,0,0,0,0,0,0,0,0,0,0,0,0,0,0,0,0,1,0,0,0,0,0,0,0,0,0,0,0
sm17191781,38,5,4,0,8,16,0,0,1,1,3,0,0,3,3,2,1,44,4,5,1,2,3,0,0,1,0,3,0,0
sm17211747,3,1,0,8,1,0,0,29,1,0,0,0,0,1,0,2,0,0,0,10,0,0,37,0,1,0,0,2,0,0
sm17213108,2,0,0,0,0,0,0,3,0,0,0,0,0,3,5,4,0,1,1,0,0,0,0,0,0,0,0,2,0,1
sm17213446,3,0,0,0,0,0,0,10,0,0,0,0,0,1,0,1,0,0,0,1,0,0,1,0,0,0,0,0,0,0
sm17228726,2,0,0,0,0,1,0,0,0,0,0,0,0,0,0,0,0,0,0,0,0,0,0,0,0,0,0,1,1,0
sm17235354,2,0,0,0,0,4,1,0,0,0,0,0,0,1,0,1,0,0,0,0,0,2,0,0,0,0,0,2,0,0
sm17323674,2,0,0,0,0,0,0,0,0,0,0,0,0,1,0,0,0,0,0,0,0,0,0,0,0,0,0,0,0,0
sm17336304,0,0,0,0,0,0,0,0,0,0,0,0,0,1,0,0,0,0,0,0,0,0,0,0,0,0,0,0,0,0
sm17457529,3,0,0,0,0,1,0,0,0,0,0,0,0,0,0,0,0,6,0,0,0,0,0,0,0,0,0,0,0,0
sm1884912,1,1,0,0,2,2,0,0,0,0,0,0,0,0,0,0,0,1,0,0,0,0,0,0,0,0,0,0,0,0
sm1986944,2,0,0,1,0,0,0,0,0,0,0,0,0,0,0,0,0,0,0,0,0,0,0,0,0,0,0,0,0,0
sm2013783,1,0,0,2,0,0,0,10,1,0,0,0,0,1,0,1,0,0,0,0,0,0,0,0,0,0,0,1,0,0
sm2039810,2,0,0,1,0,3,1,1,0,0,1,2,0,0,1,1,0,0,0,0,0,0,0,0,0,0,0,1,0,0
sm2096153,5,0,0,1,0,0,0,0,0,0,0,0,0,0,0,0,1,0,3,0,0,0,0,0,0,0,1,0,0,0
sm2205860,0,0,0,0,0,0,0,0,0,0,0,0,0,1,0,0,0,0,1,1,0,0,1,0,0,0,0,0,0,1
sm2280411,1,0,0,0,0,0,0,0,0,0,0,0,0,1,0,0,0,0,0,0,0,0,0,0,0,0,0,0,0,0
sm2408207,2,0,0,0,0,0,0,0,0,0,0,0,0,0,0,0,1,0,0,0,0,1,1,0,0,0,0,0,0,0
sm2489873,2,0,0,0,0,0,0,0,0,0,0,0,0,3,0,1,0,0,2,0,0,0,0,0,0,0,0,1,0,0
sm2519176,8,0,0,0,0,3,0,8,2,0,1,0,0,2,4,0,2,1,0,0,1,0,1,0,0,0,1,3,0,0
sm2533949,3,1,0,0,0,0,0,4,1,0,1,0,0,0,0,0,0,0,0,0,0,0,0,0,0,0,0,0,2,0
sm2553659,5,1,0,0,1,0,0,0,0,0,0,0,0,1,0,0,0,0,0,1,0,0,0,0,0,0,0,0,0,0
sm2577615,1,0,0,0,0,0,1,0,0,0,0,0,0,0,1,0,0,0,0,0,0,0,1,0,0,0,0,0,0,0
sm2584252,2,0,0,0,0,0,0,0,0,0,0,0,0,3,1,1,0,0,2,0,0,0,0,0,0,0,0,0,0,0
sm2653480,1,0,0,1,0,14,0,2,0,0,0,0,0,1,2,0,1,0,0,0,1,0,1,0,0,0,0,0,0,0
sm2678744,28,2,3,9,1,0,1,74,6,1,1,0,0,5,4,21,2,1,8,1,1,2,12,0,1,2,0,2,0,6
sm2758851,19,0,3,1,0,0,0,43,2,0,0,0,0,3,3,2,1,0,2,1,0,0,5,0,1,0,1,2,0,0
sm2827322,0,0,0,2,0,0,0,3,1,0,0,0,0,0,0,0,1,0,0,1,0,0,1,0,0,0,0,0,0,0
sm3032672,1,0,0,0,0,0,0,0,0,0,0,0,0,0,0,0,1,0,0,0,0,0,0,0,0,0,0,0,0,0
sm3045725,6,1,0,0,0,1,0,0,0,0,0,0,0,1,2,2,1,1,2,3,0,0,0,0,0,0,0,1,0,0
sm3060283,1,0,0,0,0,0,0,5,0,0,0,0,0,1,0,0,0,0,0,1,0,0,1,0,0,0,0,1,0,0
sm3197958,1,0,0,0,0,1,0,0,0,0,0,0,0,0,0,0,0,0,0,0,0,0,0,0,0,0,0,0,0,0
sm3279352,2,0,0,0,0,0,0,1,0,0,0,0,0,0,1,0,0,0,0,0,0,0,1,0,0,0,0,0,0,0
sm3372198,1,0,0,0,0,1,1,0,0,1,1,0,0,0,1,0,0,0,0,0,0,0,1,0,0,0,0,0,0,0
sm3425798,0,0,0,0,0,0,0,0,0,0,0,0,0,0,0,0,0,0,0,0,0,0,0,0,0,0,0,0,0,0
sm3534601,14,0,1,0,0,0,0,4,1,0,0,0,1,0,0,0,0,0,0,0,0,0,1,0,0,0,0,1,0,0
sm3671490,7,0,0,1,0,0,0,33,0,0,0,0,0,2,0,0,0,0,0,0,1,2,10,0,0,0,1,1,1,0
sm3636268,5,0,0,0,0,0,0,8,0,0,0,0,0,0,0,0,0,0,0,1,0,0,0,0,0,0,0,0,0,0
sm3671912,1,0,0,1,0,0,0,2,0,0,0,0,0,4,2,2,0,0,0,0,0,0,0,0,2,0,0,1,0,0
sm3698889,2,0,0,3,0,1,0,0,0,0,1,3,0,0,0,0,0,0,0,0,0,0,0,2,0,0,0,0,0,0
sm3950088,5,0,0,0,0,0,0,3,0,0,0,0,0,1,0,0,0,0,0,0,0,0,2,0,0,0,0,0,0,0
sm3971759,2,0,1,0,0,0,0,4,0,0,0,0,0,0,0,0,0,1,0,0,0,0,0,0,0,0,0,0,0,0
sm3995757,24,0,0,17,2,28,2,0,0,0,3,23,1,10,7,1,1,1,3,1,0,1,0,8,0,0,1,2,1,2
sm4028567,7,0,0,0,0,0,0,0,0,0,0,0,0,1,0,1,0,0,0,0,0,2,0,0,0,0,0,0,0,0
sm4180612,3,0,0,0,0,0,0,1,0,0,0,0,0,0,0,0,0,0,0,2,0,0,0,0,0,0,0,0,0,0
sm4189459,7,1,0,1,0,0,0,24,4,1,0,0,1,1,0,2,0,2,0,1,0,1,3,0,0,0,0,1,0,0
sm4218005,18,0,2,1,0,0,0,21,1,0,0,0,0,6,1,0,1,0,2,3,1,1,17,0,8,0,0,4,4,0
sm4247321,4,0,0,0,2,0,0,1,0,0,0,0,0,1,3,0,0,0,1,0,0,0,0,0,1,0,0,2,5,0
sm4271005,1,0,0,1,0,0,0,2,2,0,0,0,0,0,0,0,0,0,0,0,0,0,1,0,0,0,0,0,0,0
sm4291081,0,1,0,0,0,0,0,1,0,0,0,0,0,1,1,0,0,0,0,0,0,0,0,0,0,0,0,0,0,0
sm4387562,0,0,0,1,0,0,0,3,0,0,0,0,0,0,0,0,0,0,0,0,0,0,0,0,0,0,0,0,0,0
sm4451787,0,0,0,0,0,3,0,0,0,0,1,0,0,0,0,0,0,0,0,0,0,0,0,0,0,0,0,0,0,1
sm4459566,0,0,0,1,0,0,0,1,0,0,0,0,1,0,0,0,0,0,0,1,0,0,0,0,0,0,0,0,0,0
sm4554935,11,1,1,36,3,0,0,76,11,0,0,0,2,2,0,1,3,0,20,1,3,0,51,0,1,0,2,0,0,0
sm4611149,1,0,0,0,0,1,0,0,0,0,0,0,0,2,0,0,0,0,0,0,0,0,0,0,0,0,0,0,0,0
sm4611428,2,0,0,0,0,0,0,1,0,1,0,0,0,1,0,0,0,0,0,0,0,0,1,0,1,1,0,0,0,0
sm4669648,0,0,0,1,0,4,1,0,0,0,0,0,0,1,0,0,0,0,0,0,0,0,0,0,0,0,0,0,0,0
sm4740727,7,0,0,0,0,0,0,7,0,0,0,0,0,0,0,1,0,0,0,0,0,0,1,0,0,0,0,0,0,0
sm4775983,2,0,0,0,0,0,1,0,0,0,0,0,0,0,0,0,0,0,0,0,0,0,0,0,0,0,0,0,0,0
sm4917069,24,0,0,0,0,0,0,0,0,0,0,0,0,5,0,1,0,0,0,2,0,3,0,0,0,0,0,6,0,0
sm4966548,2,0,1,0,0,1,0,2,0,0,0,0,0,0,0,0,0,0,0,0,0,0,2,0,0,0,0,0,0,0
sm5085658,10,0,0,0,0,0,0,10,0,0,0,0,0,1,0,6,0,0,1,1,0,0,2,0,0,0,0,4,3,0
sm5114973,0,0,0,0,0,0,0,7,0,0,0,1,0,0,1,0,0,0,0,0,0,0,3,0,0,0,0,0,0,0
sm5137683,1,0,0,0,0,0,0,4,0,0,0,0,0,0,0,0,0,0,0,0,0,0,1,0,0,0,0,0,0,0
sm5168173,6,1,0,0,0,0,0,16,2,1,0,0,0,1,0,1,0,0,0,0,1,0,6,0,0,0,0,1,0,0
sm5281569,4,0,0,0,0,1,1,0,0,0,0,0,0,2,0,0,0,0,0,1,1,0,0,0,0,0,0,1,0,0
sm5296638,2,0,0,1,1,2,1,0,0,0,0,0,0,0,1,0,0,0,0,0,1,0,0,0,0,1,0,0,0,0
sm5332327,1,0,0,0,0,2,0,0,0,0,1,0,0,0,0,0,0,0,0,1,0,0,0,0,0,0,0,0,0,0
sm5332638,8,0,1,0,0,4,0,0,0,0,0,0,0,2,1,2,0,0,0,1,1,0,0,0,0,0,0,0,3,1
sm5486732,0,0,1,0,0,2,0,0,0,0,0,0,0,0,0,0,0,0,0,0,0,0,0,0,0,0,0,0,0,0
sm5513850,3,0,0,0,2,0,0,0,0,0,0,0,0,0,0,0,0,0,0,1,0,0,0,0,0,0,0,0,1,0
sm5563391,11,0,0,0,1,6,0,0,0,0,0,0,0,2,2,1,0,1,1,1,0,0,0,0,0,0,0,2,0,0
sm5601322,0,0,0,0,0,0,0,0,0,0,0,1,0,0,0,0,0,0,0,0,0,0,0,0,0,0,0,0,0,0
sm5608513,1,0,0,1,0,1,0,1,0,0,0,0,0,0,1,0,1,1,0,0,0,0,1,0,0,0,0,0,0,0
sm5657281,1,0,0,0,0,2,0,0,0,0,0,0,0,2,0,1,1,0,0,0,0,0,0,0,0,0,1,0,0,0
sm5717613,1,0,0,1,0,0,0,0,0,0,0,5,0,0,0,0,0,0,0,0,0,0,0,1,0,0,0,0,0,0
sm5870324,4,0,1,0,15,3,1,0,0,0,0,0,0,2,0,4,3,2,0,0,0,0,1,0,0,0,1,0,0,0
sm5948584,1,0,0,0,0,1,0,0,0,0,0,0,0,0,0,0,0,0,0,0,0,0,0,0,0,0,0,1,0,0
sm6030356,4,0,0,2,0,3,0,1,0,2,0,0,0,3,1,0,1,0,1,1,0,1,0,0,0,0,0,0,1,0
sm6119553,0,0,0,0,0,0,0,0,0,0,0,0,0,1,0,0,0,0,0,0,0,0,0,0,0,0,0,0,0,0
sm6059337,1,0,0,0,0,0,0,0,0,0,0,0,0,0,1,0,0,0,0,0,0,0,0,0,0,0,0,0,0,0
sm6137627,0,0,0,0,0,0,0,0,0,0,0,0,0,0,1,0,0,0,0,0,0,0,0,0,0,0,0,0,0,0
sm6183732,1,0,0,0,0,0,0,0,0,0,0,0,0,0,0,0,0,0,0,1,0,0,0,0,0,0,0,0,0,0
sm6165498,11,2,8,13,4,2,0,3,0,0,0,0,0,3,1,4,0,0,3,3,3,0,1,2,0,0,0,3,0,0
sm6235882,0,0,2,0,0,0,0,2,0,0,0,0,0,0,1,0,0,0,0,0,0,0,0,0,0,0,0,0,0,0
sm6440455,1,0,0,0,0,0,0,0,0,0,0,0,0,0,0,1,0,0,0,0,0,0,0,0,0,0,0,1,0,0
sm6448701,1,0,0,1,0,0,0,14,1,1,0,0,0,0,0,0,0,0,0,0,1,0,0,0,0,0,0,0,0,0
sm6601567,3,0,0,0,0,0,0,1,0,0,0,0,0,1,0,1,0,0,0,1,2,0,0,0,0,0,0,3,0,0
sm6627628,5,0,0,0,1,3,0,7,0,0,0,0,0,0,0,2,0,0,1,3,0,0,1,0,0,0,0,3,0,0
sm6677536,0,0,0,0,0,0,0,3,0,0,0,0,0,0,0,0,0,0,0,0,0,0,0,0,0,0,0,0,0,0
sm6723010,19,0,3,2,11,4,0,9,1,1,0,0,1,8,1,3,0,0,9,6,3,4,5,0,0,0,1,2,0,0
sm6727398,3,0,0,0,0,1,0,0,0,0,0,0,0,2,0,0,1,0,0,0,0,0,0,0,0,0,0,1,0,0
sm6753213,14,0,1,0,0,15,1,3,0,0,3,0,0,1,5,0,1,1,0,1,2,0,0,0,0,0,1,2,0,0
sm6865106,24,0,0,0,1,1,0,9,1,0,0,0,0,0,0,2,0,1,2,0,0,2,0,0,0,1,3,4,1,0
sm6980351,0,0,0,0,1,0,0,0,0,0,0,0,0,0,0,0,0,0,0,0,1,0,0,0,0,0,0,0,1,0
sm6991834,6,0,0,1,0,0,0,30,5,0,0,0,0,0,0,0,0,0,0,0,1,0,6,0,0,0,0,0,0,0
sm7000665,3,0,0,0,0,1,0,1,0,0,0,0,0,0,0,0,2,0,0,3,1,0,2,0,0,0,0,1,0,0
sm7030348,10,0,0,0,0,0,0,22,0,0,0,0,0,1,2,0,0,0,0,1,0,0,1,0,0,0,0,0,0,0
sm7078981,12,0,0,4,0,0,0,25,3,0,0,0,1,0,2,1,2,0,0,1,1,1,4,0,0,0,2,0,0,0
sm7215797,10,0,1,0,1,0,0,0,0,0,1,4,0,3,0,1,10,0,4,1,0,2,0,3,0,0,0,1,0,0
sm7093221,4,1,0,0,0,0,0,0,0,0,0,0,0,0,0,0,0,0,0,0,0,0,0,0,0,0,0,1,0,0
sm7224643,3,0,0,0,0,0,0,0,0,0,0,0,0,1,1,0,0,0,0,0,1,0,0,0,1,0,0,1,0,2
sm7232278,6,0,1,0,0,0,0,0,0,0,0,2,0,1,0,3,0,0,1,0,0,0,0,1,0,1,0,0,0,0
sm7354057,2,0,0,0,0,0,0,0,0,0,0,0,0,1,1,1,0,0,0,0,0,0,0,0,0,0,0,0,0,0
sm7382586,0,0,0,2,0,0,0,3,0,0,1,0,0,1,0,1,0,0,0,0,0,0,0,0,0,0,0,0,0,0
sm7400854,2,0,0,0,0,0,0,0,0,0,0,0,0,0,0,0,0,0,0,0,0,0,0,0,0,0,1,0,0,0
sm7400945,0,0,0,0,0,0,0,1,0,0,0,1,0,2,2,0,0,0,0,0,0,1,0,0,0,0,0,1,0,0
sm7402532,5,0,0,0,0,5,1,1,0,0,0,0,0,1,2,0,0,2,2,0,0,0,1,0,0,0,0,0,0,0
sm7476730,1,0,0,0,0,0,0,0,0,0,0,0,0,2,0,0,0,0,0,0,0,0,0,0,0,0,0,1,0,0
sm7504739,2,0,0,0,0,2,0,0,0,0,0,0,0,1,0,0,0,0,0,0,0,0,0,0,0,0,0,0,0,0
sm7527985,7,0,0,0,0,0,0,3,0,0,0,0,0,2,0,0,1,0,0,2,0,0,3,0,0,0,3,1,0,0
sm7550182,14,0,0,8,1,4,0,16,0,5,1,7,0,4,0,5,0,0,0,1,0,1,8,14,0,0,0,2,0,0
sm7597329,10,0,2,5,0,0,0,35,0,0,0,3,0,3,2,14,0,0,1,0,1,1,5,2,0,0,0,1,0,1
sm7612037,2,0,0,0,0,0,0,0,1,0,1,0,0,0,0,0,0,0,1,0,0,0,0,0,0,0,1,0,0,0
sm7598217,8,0,1,2,1,0,0,26,5,0,0,0,0,1,0,1,0,0,0,0,0,0,8,0,0,0,0,1,0,0
sm7681611,3,0,0,0,0,0,0,0,0,0,0,0,0,1,1,0,0,0,0,0,0,0,0,0,0,0,0,1,0,0
sm7686320,10,0,0,0,0,5,0,1,0,0,1,0,0,1,0,0,0,0,0,0,2,1,0,0,0,0,0,0,0,3
sm7778065,4,0,0,0,0,0,0,0,0,0,0,0,0,0,0,0,0,0,0,0,0,0,0,0,0,0,0,0,0,0
sm7792239,6,0,0,0,0,0,0,0,0,0,0,0,1,3,0,1,1,0,0,0,0,0,0,0,0,0,1,2,0,0
sm7807845,1,0,0,0,0,0,0,0,0,0,0,0,0,0,0,0,0,0,0,0,0,0,0,0,0,0,0,0,0,0
sm7811586,1,0,0,0,0,0,0,0,0,0,0,0,0,0,0,0,0,0,0,0,0,0,0,0,0,0,0,1,0,0
sm7878515,4,0,0,2,0,8,0,0,0,0,0,0,0,4,0,0,0,0,1,0,0,2,0,0,0,0,0,0,0,1
sm7879207,8,1,0,0,0,0,0,37,2,1,0,0,1,0,0,0,0,0,2,0,0,0,5,0,0,0,0,1,0,1
sm7882150,33,1,3,4,0,35,4,6,2,1,1,0,0,3,3,6,5,0,5,3,6,0,7,0,4,1,1,1,4,0
sm7891168,2,0,0,0,0,6,0,0,0,0,0,0,0,0,0,0,0,0,0,0,0,1,0,0,0,0,0,0,0,0
sm7897854,8,1,1,1,0,9,0,0,0,0,0,0,0,1,1,2,0,1,1,0,2,0,0,0,0,0,0,1,0,0
sm7992704,20,3,2,7,4,18,0,4,1,0,0,0,2,9,3,2,1,0,5,4,2,1,1,0,0,2,3,10,5,1
sm8061167,1,0,0,0,0,0,0,0,0,0,0,0,0,3,0,0,0,0,0,0,0,0,0,0,0,0,0,1,0,0
sm8091446,7,0,0,1,0,5,1,0,0,0,1,0,2,1,0,0,0,0,2,0,1,0,0,0,0,0,0,0,0,0
sm8098660,0,0,0,0,0,1,0,0,0,0,1,0,0,0,0,0,0,0,0,0,0,0,0,0,0,0,0,0,0,0
sm8119054,2,0,0,2,0,2,0,1,0,1,0,0,0,0,1,0,0,0,0,0,0,0,0,0,0,0,0,1,0,0
sm8121199,0,0,0,0,0,0,0,0,0,0,0,0,0,0,0,0,0,0,0,0,0,0,0,0,0,0,0,0,0,0
sm8163888,2,0,0,0,0,0,0,0,0,0,0,0,0,0,0,0,0,0,0,0,0,0,0,0,0,0,0,0,0,0
sm8251494,2,0,0,1,0,0,0,1,1,0,0,0,0,3,0,0,0,0,0,0,0,0,0,0,0,0,0,2,0,0
sm8194738,2,0,0,0,0,4,0,0,0,0,0,0,0,0,2,0,0,0,0,1,0,0,0,0,0,0,0,1,0,0
sm8265929,6,0,0,0,0,0,0,1,0,0,0,0,0,1,0,0,0,0,0,0,1,0,0,0,0,0,0,1,0,0
sm8326494,6,0,0,0,0,2,0,0,0,1,1,1,0,2,0,0,0,0,2,0,0,0,0,0,0,0,0,0,0,1
sm8412978,8,1,0,0,3,5,0,0,1,0,1,1,0,1,0,6,0,0,2,4,0,0,1,0,0,0,2,1,0,0
sm8414715,21,1,0,0,4,5,0,0,0,0,0,0,0,2,0,1,0,0,2,2,0,0,0,0,1,0,0,0,1,0
sm8432098,7,0,0,0,0,0,0,1,0,0,0,0,0,0,0,0,1,0,0,0,0,1,0,0,0,0,0,0,0,0
sm8468717,13,0,0,0,0,0,0,9,1,0,0,0,1,0,0,2,0,0,0,0,1,0,5,0,0,0,0,0,0,0
sm8529991,1,0,1,0,0,0,0,0,0,0,0,5,0,0,1,0,0,0,0,0,0,0,0,0,0,0,0,1,0,0
sm8614063,0,0,0,1,0,3,0,0,0,0,0,0,0,0,0,0,0,0,0,0,0,0,0,0,0,0,0,0,0,0
sm8619149,2,0,0,0,0,0,0,19,2,0,0,0,0,2,0,0,0,2,0,1,0,0,5,0,0,0,0,0,0,0
sm8661117,2,0,0,0,0,0,0,0,0,0,0,0,0,0,0,1,0,0,0,0,0,0,0,0,1,0,0,1,0,0
sm8670561,2,0,0,0,0,0,0,17,0,0,0,0,0,0,0,1,0,1,1,0,1,0,2,0,0,0,0,0,0,0
sm8700898,1,0,0,0,0,0,0,2,1,0,0,0,0,0,0,3,0,0,0,0,2,0,0,0,0,0,0,0,0,0
sm8696152,4,0,0,2,0,3,0,0,0,0,1,0,0,1,0,0,0,0,0,0,0,1,1,0,0,0,0,0,0,0
sm8707393,3,0,0,0,0,0,0,11,1,0,0,0,0,2,0,0,0,0,0,0,0,0,1,0,0,0,0,0,0,0
sm8712532,6,0,0,1,0,1,0,2,0,0,0,0,0,3,0,1,0,0,0,2,0,0,0,0,0,0,0,1,0,0
sm8738313,18,1,8,0,0,0,0,4,2,0,0,0,0,1,5,0,0,0,0,4,0,0,3,0,0,0,0,3,0,2
sm8754973,0,0,0,0,0,0,0,0,0,0,0,0,0,0,0,0,0,0,0,0,0,0,0,0,0,0,0,0,0,0
sm8755465,3,0,0,0,0,0,0,2,0,0,0,0,0,1,1,1,0,0,0,0,0,0,1,0,2,0,0,0,0,0
sm8796407,1,0,0,0,0,1,0,0,0,0,0,0,0,1,2,1,0,0,0,0,0,0,0,0,0,0,0,1,0,1
sm8906830,3,3,0,2,0,0,0,3,1,0,0,0,0,0,1,0,0,0,0,0,0,0,0,0,0,0,0,1,0,2
sm8933166,36,0,2,16,1,5,0,121,5,0,0,2,0,29,5,4,0,0,2,1,2,2,29,0,2,0,0,2,0,0
sm8937853,0,0,0,0,0,0,0,0,0,1,0,0,0,0,0,0,0,0,0,0,0,0,0,0,0,0,0,0,0,0
sm8976018,2,0,0,0,0,0,0,2,0,0,0,0,0,2,0,0,0,0,0,0,1,0,0,0,0,0,0,0,0,0
sm9024627,1,0,0,0,0,0,0,0,0,0,0,0,0,0,0,1,0,0,0,0,0,0,0,0,0,0,0,0,0,0
sm9022413,1,0,1,0,0,0,0,0,0,0,0,0,0,2,0,2,0,0,1,0,0,1,1,0,0,0,0,1,3,0
sm9093103,2,0,0,0,0,1,0,1,0,0,1,0,1,5,5,0,1,1,3,1,0,4,0,0,0,0,0,1,0,0
sm9093561,2,0,0,0,0,12,0,0,0,0,0,0,0,0,0,1,0,0,1,0,1,0,0,0,0,0,0,1,0,0
sm9100218,5,4,0,1,2,0,0,15,2,0,0,0,0,0,0,0,1,0,0,1,0,0,2,0,0,0,0,0,0,2
sm9154541,5,0,0,0,0,4,0,0,0,0,0,0,0,1,0,1,0,0,0,0,2,0,0,0,0,0,0,0,0,0
sm9128830,1,0,0,0,0,1,0,0,0,0,0,0,0,0,0,1,1,0,0,0,0,0,0,0,0,0,0,2,0,0
sm9168029,0,0,0,0,0,0,0,7,0,0,0,0,0,0,0,0,0,0,0,0,0,0,0,0,0,0,0,0,0,0
sm9174236,2,0,0,0,0,0,0,0,0,0,0,0,0,1,0,2,0,0,1,0,0,0,0,0,0,0,0,0,0,0
sm9213450,1,0,0,0,0,0,0,0,0,0,0,0,0,0,0,1,0,0,0,0,0,0,0,0,0,0,0,0,0,0
sm9218213,4,1,0,1,0,11,2,5,0,0,1,0,0,3,1,0,0,0,2,1,1,1,5,0,0,0,0,2,0,0
sm9228896,1,0,0,0,0,11,0,0,0,0,0,0,0,2,0,0,1,0,1,1,0,1,0,0,0,0,2,0,0,0
sm9292554,1,0,0,0,0,2,0,0,0,0,0,0,0,0,0,0,0,0,0,0,0,0,0,0,0,0,0,0,1,0
sm9301676,36,0,2,4,2,45,0,5,0,0,4,0,0,5,5,2,0,2,2,5,2,0,0,0,1,0,1,1,0,0
sm9409012,4,0,0,0,1,0,0,6,0,1,2,0,0,1,0,0,0,0,0,0,0,0,0,0,0,0,1,0,0,0
sm9439204,3,0,0,0,0,0,0,0,0,0,0,0,0,0,0,0,0,0,0,0,0,0,0,0,0,0,0,0,0,0
sm9537937,2,0,0,0,0,0,0,16,0,0,0,0,0,0,0,0,0,0,0,0,0,0,5,0,0,0,0,0,0,0
sm9538407,0,0,0,0,0,0,0,0,0,0,0,0,0,0,0,0,0,0,0,0,0,0,0,0,0,0,0,0,0,0
sm9682775,1,0,0,0,0,1,0,0,0,0,0,0,0,0,0,0,0,0,0,0,0,0,0,0,0,0,0,0,0,0
sm9731365,1,0,0,0,1,0,0,2,1,0,1,0,0,0,0,0,1,0,0,0,0,0,0,0,0,0,0,0,0,0
sm9708587,0,0,0,0,0,0,0,4,0,0,0,0,0,0,0,0,0,0,1,0,1,0,0,0,0,0,0,0,0,0
sm9764858,1,0,0,2,0,0,0,3,1,0,0,0,0,0,0,0,0,0,0,0,1,0,0,0,0,0,0,1,0,0
sm9794134,1,0,0,0,0,0,0,0,0,0,0,0,0,0,0,1,0,0,1,1,0,0,1,0,0,0,0,0,0,0
sm9797544,5,0,0,0,0,0,0,0,0,0,0,0,0,0,0,0,0,0,2,1,0,0,0,0,0,0,0,1,0,0
sm9854305,2,0,0,0,0,6,0,0,0,0,0,0,0,0,0,0,0,0,0,0,0,0,0,0,0,0,0,0,0,1
sm9829617,18,0,0,3,1,0,0,33,4,0,2,0,0,5,3,1,0,2,2,2,0,0,8,0,0,1,1,1,3,0
sm9874221,2,0,0,0,1,4,0,0,0,1,0,0,0,2,0,0,0,0,2,1,0,0,0,0,0,0,0,0,0,0
sm9893696,8,0,0,0,4,0,0,27,0,0,0,0,0,0,0,0,1,0,3,0,0,0,0,0,0,0,0,0,0,0
sm9931198,4,0,0,0,0,0,0,3,0,0,0,0,0,0,0,0,0,0,0,0,0,0,0,0,0,0,0,0,0,0
sm9981341,2,0,0,0,0,2,0,1,0,0,0,0,0,0,1,0,0,1,0,0,0,0,0,0,0,0,0,2,0,0
