動画ID,いい,うい,うまい,ええ,おおい,かっこいい,かっこよい,かわいい,かわゆい,くい,こい,こわい,すい,すごい,っぽい,ない,ほしい,ぽい,やばい,よい,イイ,凄い,可愛い,多い,怖い,早い,欲しい,良い,重い,高い
nm12177206,11,2,1,2,1,0,0,38,3,0,0,0,1,1,1,0,0,0,0,2,0,3,4,0,0,0,0,1,1,0
nm10674682,6,2,0,0,0,0,0,16,1,0,0,0,0,0,1,4,0,0,0,0,0,0,6,0,0,0,0,0,0,0
nm13287759,18,0,1,1,0,6,1,1,0,0,1,10,0,13,4,2,0,0,7,0,0,2,0,0,7,1,0,1,0,0
sm10027079,0,0,0,0,0,0,0,0,0,0,1,4,0,0,0,0,0,0,1,0,0,0,0,0,2,0,0,0,0,0
sm10038694,9,0,0,2,0,0,0,17,0,0,0,0,0,3,1,0,0,0,6,1,0,0,2,0,0,0,2,0,0,0
sm10037227,11,1,0,7,0,33,5,0,0,0,2,0,0,3,1,2,4,1,3,3,1,0,0,0,0,0,0,2,0,0
sm10175368,2,0,0,0,0,0,0,1,0,0,0,0,0,1,0,1,0,0,0,0,0,0,0,0,0,0,0,0,0,0
sm10066433,6,0,0,0,0,0,0,1,0,0,0,0,0,1,0,0,0,1,2,0,0,0,0,2,0,0,0,0,0,1
sm10219141,11,0,0,1,0,3,0,1,0,0,0,0,0,3,0,0,1,0,0,1,0,0,0,0,0,0,1,1,2,0
sm10242501,30,0,2,2,1,11,2,0,0,0,0,2,1,3,3,3,0,1,5,1,0,1,0,0,0,0,0,6,0,0
sm10385393,10,1,0,11,3,16,2,1,0,0,3,0,0,3,0,1,1,2,3,1,1,0,0,0,1,0,1,0,5,0
sm10393864,77,8,7,1,0,1,0,16,3,2,2,0,1,6,1,12,1,0,4,3,4,0,13,1,0,1,0,23,1,1
sm10443985,3,0,1,8,0,0,0,2,0,0,1,11,0,3,0,2,1,0,0,1,0,0,1,0,1,0,0,1,0,0
sm10445286,1,0,0,0,0,6,0,0,0,0,0,0,0,3,0,0,0,0,0,0,0,0,0,0,0,0,1,1,0,0
sm10446457,30,3,1,9,1,0,0,135,9,0,2,1,0,0,6,2,2,1,0,0,2,0,37,0,0,0,0,1,0,2
sm10446708,16,0,1,1,3,5,0,0,0,0,0,0,0,3,0,0,0,0,0,0,0,1,1,0,0,0,0,3,0,0
sm10453745,1,5,0,0,0,2,0,5,2,0,0,0,1,1,0,0,0,0,0,1,0,0,1,1,0,0,0,1,0,0
sm10533832,85,3,0,9,10,17,0,5,0,0,3,2,6,21,1,16,7,2,25,7,5,2,0,8,2,1,4,9,1,4
sm10543519,20,1,1,2,0,1,0,3,1,0,0,0,0,8,2,1,1,0,0,1,1,0,0,0,0,0,2,0,1,0
sm10565041,3,0,0,0,0,1,0,0,0,0,0,0,0,2,1,1,0,0,1,0,0,0,0,1,0,0,0,0,0,0
sm10626762,4,0,0,0,2,0,0,0,0,0,1,0,0,0,0,1,0,0,0,1,0,0,0,0,0,0,0,1,0,0
sm10628168,5,0,1,0,0,7,1,0,0,0,0,0,0,2,0,1,2,0,1,0,0,0,0,2,0,0,0,0,0,0
sm10632158,1,0,0,0,0,0,0,0,0,0,0,0,0,0,0,0,0,0,0,0,0,0,0,0,0,0,0,0,0,0
sm10659443,3,0,0,0,0,0,0,0,0,0,0,0,0,2,1,0,0,0,0,1,0,0,0,0,0,0,0,0,0,0
sm10713103,39,1,0,3,0,0,0,73,1,0,0,0,0,7,10,25,3,0,1,0,1,1,19,5,0,2,0,7,0,0
sm10820620,31,0,1,1,0,1,0,4,0,1,1,0,0,1,2,3,0,0,1,1,1,0,3,0,0,0,1,3,0,0
sm10868543,14,0,0,0,0,0,0,3,0,0,0,0,0,0,1,0,0,1,0,0,0,0,1,0,0,0,0,1,0,1
sm10907267,1,0,0,0,0,1,0,0,0,0,1,0,0,1,0,1,0,0,0,0,0,0,0,0,0,0,0,0,0,0
sm10975244,2,0,0,0,0,0,0,3,0,0,0,0,0,1,0,0,0,0,0,0,1,0,0,0,0,0,0,0,0,0
sm10971662,4,0,0,1,0,0,0,0,0,0,0,0,0,0,0,0,0,0,0,0,0,0,0,0,0,0,0,0,0,0
sm11049254,5,0,0,0,0,0,0,11,0,0,0,0,0,0,0,0,0,0,0,0,0,0,0,0,0,0,0,0,0,0
sm11080597,6,0,0,0,0,0,0,0,0,0,0,0,0,0,1,0,0,0,0,0,0,0,0,0,0,0,0,1,0,1
sm11139657,21,0,0,0,1,6,0,0,0,1,0,0,1,5,0,1,0,0,1,2,2,1,1,0,1,0,0,1,0,0
sm11146117,7,0,0,7,2,24,1,1,0,0,2,0,0,0,0,2,4,1,0,1,0,0,0,0,0,1,0,0,0,0
sm11086161,20,1,1,6,9,34,2,3,0,1,8,0,2,1,16,10,0,3,3,2,0,0,1,4,0,1,5,2,1,0
sm11151641,2,0,0,1,0,1,0,0,0,0,0,0,0,0,0,0,0,0,0,1,0,0,0,0,0,0,0,0,0,0
sm11165729,9,0,0,1,1,5,0,3,0,0,0,0,1,1,2,2,0,0,0,0,0,0,0,0,0,0,0,2,2,0
sm11183729,4,0,0,0,0,2,0,3,0,1,0,0,0,1,0,0,0,0,0,1,0,0,0,0,0,0,0,0,0,0
sm11237572,46,0,1,8,1,53,5,15,0,0,3,0,0,5,2,1,2,0,4,2,2,2,2,0,1,0,0,10,1,0
sm11240351,6,0,0,0,5,0,0,27,3,0,0,0,1,0,1,0,0,0,0,1,0,0,4,0,0,0,0,0,0,0
sm11244099,1,0,0,0,0,0,0,0,0,0,0,0,0,1,0,0,0,0,1,0,0,0,0,0,0,0,0,0,0,0
sm11252628,10,0,0,0,0,4,0,0,0,0,0,0,0,0,2,0,0,0,0,0,0,0,0,0,0,0,0,3,0,0
sm11270299,7,0,0,0,0,0,0,0,0,0,0,0,1,1,0,0,0,0,0,0,0,0,0,0,0,0,0,0,0,0
sm11294837,0,0,0,0,2,0,0,0,0,0,0,0,1,1,0,0,0,0,1,0,0,0,0,0,0,0,0,1,0,0
sm11325190,35,3,0,1,5,0,0,77,5,0,0,0,0,7,7,12,3,0,4,2,1,2,25,0,0,0,2,4,0,2
sm11398259,6,0,1,0,0,0,0,2,0,0,0,0,0,2,0,3,1,1,0,1,0,0,1,0,0,0,0,1,0,0
sm11407152,6,0,0,0,1,0,0,0,0,0,0,0,0,3,1,0,0,1,1,1,0,1,0,0,0,0,0,5,0,0
sm11409063,32,0,3,0,0,2,0,4,0,0,2,0,0,9,7,3,1,0,2,0,3,0,1,3,0,1,0,6,1,0
sm11412217,0,0,0,0,0,0,0,14,0,0,0,0,0,0,0,0,0,0,0,0,1,0,1,0,0,0,0,1,0,0
sm11398357,47,44,0,12,6,82,4,4,1,0,4,2,2,8,0,9,5,2,13,8,3,1,3,6,1,5,4,9,0,1
sm11477181,3,2,0,0,2,2,1,0,0,0,1,0,0,0,0,1,0,0,0,1,0,0,0,0,0,1,0,0,0,0
sm11589161,3,0,0,0,2,0,0,1,0,0,0,0,0,0,2,1,0,0,0,0,1,0,0,0,0,0,0,0,0,0
sm11641089,57,17,0,4,3,46,7,6,0,1,1,0,0,24,5,12,6,4,13,5,1,3,3,0,1,0,3,10,8,2
sm11760748,1,0,0,3,0,6,0,1,0,0,1,0,0,0,0,2,0,0,2,0,0,0,0,0,0,0,1,1,0,0
sm11714132,54,8,1,1,3,2,0,75,3,1,4,0,2,13,3,5,1,0,2,12,2,0,16,1,1,2,2,12,2,1
sm11774439,4,1,0,0,1,0,0,4,0,0,1,0,0,2,6,2,1,2,2,0,0,2,1,0,0,0,2,2,0,2
sm11788815,4,0,0,0,0,0,0,0,0,0,0,0,0,0,0,0,0,0,0,0,0,0,0,0,0,0,0,0,0,0
sm11849610,10,0,1,1,0,6,0,2,0,1,0,0,0,1,1,0,1,1,0,0,0,0,0,0,0,0,0,1,0,0
sm11879325,11,0,0,2,3,2,0,0,0,0,0,0,3,1,1,2,0,1,4,1,0,0,0,1,0,0,0,1,0,0
sm11964950,35,0,1,5,0,30,2,5,0,0,2,0,2,4,6,4,3,0,1,1,0,0,1,0,0,0,1,5,0,0
sm11970630,71,2,1,10,12,48,2,11,1,9,5,0,6,14,1,12,2,1,10,4,5,2,2,3,0,1,2,21,0,2
sm12041264,6,0,0,1,7,5,0,4,0,0,0,0,0,2,2,2,1,0,1,1,0,0,0,0,0,0,0,1,0,0
sm12090023,4,0,0,0,0,0,0,0,0,0,0,0,0,0,0,1,0,0,0,0,1,0,0,0,0,0,0,0,0,0
sm12183265,1,1,0,1,0,2,0,0,0,0,0,0,0,2,0,0,0,0,1,0,0,0,0,0,0,1,0,0,0,0
sm12177762,19,0,0,1,1,1,0,5,0,0,1,0,0,3,0,2,0,0,3,0,0,1,1,3,0,0,0,4,0,0
sm12253877,2,0,0,0,0,0,1,0,0,0,0,0,0,2,1,1,0,0,0,0,0,0,0,0,0,0,0,2,0,0
sm12264707,65,1,5,3,4,19,0,1,0,0,3,0,1,7,5,17,0,0,3,2,1,3,1,1,0,2,1,16,0,2
sm12339479,10,0,1,0,0,5,0,0,0,0,0,0,0,4,1,0,0,0,0,0,0,1,0,0,0,0,0,6,0,0
sm12347529,14,2,0,0,0,0,0,19,1,0,0,0,0,0,4,0,1,2,0,0,0,0,2,0,0,0,0,1,0,0
sm12355109,5,0,1,2,0,1,1,1,0,0,0,0,0,6,1,3,2,0,1,0,0,0,0,0,0,2,1,1,0,1
sm12365006,24,0,7,0,0,0,0,11,1,0,0,0,0,5,3,2,2,0,0,0,1,1,1,0,0,0,0,2,0,0
sm12377743,0,0,0,1,0,4,0,0,0,0,0,0,0,1,0,0,0,0,0,0,1,0,4,0,0,0,0,2,0,1
sm12396792,29,2,0,7,0,34,7,5,0,0,2,0,0,9,1,6,0,0,7,1,0,1,1,2,0,0,2,2,0,1
sm12412526,7,0,1,0,1,0,0,5,2,0,0,0,0,2,0,1,3,0,1,0,0,0,0,0,0,0,1,2,0,0
sm12468990,8,0,0,0,2,0,0,6,0,0,0,0,0,0,0,0,0,0,0,0,0,0,1,0,0,0,0,1,0,0
sm12476122,3,0,0,0,0,0,0,0,0,0,0,0,0,1,0,0,0,0,0,0,0,0,1,0,0,0,0,0,0,0
sm12507705,4,0,0,0,0,0,0,13,2,0,0,0,1,0,1,0,0,0,0,1,0,0,4,0,0,0,0,0,0,0
sm12527072,6,1,0,0,1,0,0,12,1,0,0,0,0,0,0,0,0,0,0,0,0,0,3,0,0,0,0,0,0,0
sm12549171,78,35,7,15,3,97,8,8,0,1,1,0,2,4,6,6,3,1,10,3,2,1,1,4,0,0,0,7,0,2
sm12556756,8,1,0,0,2,0,0,8,0,0,0,0,0,0,0,0,1,0,0,0,0,1,2,0,0,0,0,0,0,0
sm12581573,2,0,0,0,0,0,0,3,0,0,0,0,0,0,0,2,0,0,0,0,0,0,1,0,0,0,0,0,0,0
sm12588223,6,0,0,0,0,0,0,0,0,0,0,0,0,0,1,0,0,0,1,0,0,0,0,0,0,0,0,1,0,0
sm12595936,19,2,0,2,1,22,4,0,0,1,4,1,4,3,2,10,1,0,8,1,0,1,0,6,4,4,3,6,0,1
sm12616812,11,0,0,0,0,0,0,1,0,0,0,0,0,1,1,0,0,0,0,0,0,0,0,0,0,0,1,0,0,1
sm12647084,22,0,0,0,1,8,0,2,0,0,3,1,0,2,0,3,0,0,5,0,0,1,0,1,0,0,0,2,0,0
sm12645546,24,0,0,0,0,1,0,2,0,1,0,0,0,2,1,0,2,1,2,0,1,1,1,0,0,0,0,3,0,0
sm12648576,3,0,0,0,0,2,0,2,0,0,0,0,0,2,0,0,0,0,1,0,0,0,0,0,0,0,0,0,0,0
sm12671927,13,0,1,0,0,0,0,2,1,0,0,0,0,0,0,0,2,0,0,0,0,1,3,0,0,0,0,0,0,0
sm12718205,12,0,1,0,0,0,0,11,2,0,1,0,0,1,2,2,0,0,2,1,0,0,2,0,0,0,1,1,1,0
sm12835874,1,0,1,0,0,0,0,1,0,0,0,0,0,0,0,0,0,0,0,0,0,0,0,0,0,0,0,0,0,0
sm12757490,50,1,0,12,3,0,0,130,7,1,4,0,1,4,2,7,1,0,0,6,2,1,27,0,0,1,0,2,0,1
sm12864126,20,2,1,7,4,28,0,16,1,0,0,0,0,15,14,10,1,3,3,1,2,3,7,0,0,1,1,1,2,1
sm12875825,1,0,0,1,0,0,0,0,0,0,0,0,0,3,1,0,0,0,0,0,0,0,0,0,0,0,0,0,0,0
sm12888483,3,0,0,1,0,3,0,0,0,0,1,0,0,1,0,1,0,1,0,2,0,1,0,0,0,0,0,2,0,0
sm12894209,20,1,0,15,16,37,2,13,1,1,0,0,1,1,0,8,1,3,10,5,1,1,6,2,0,1,0,8,0,0
sm12929188,2,0,0,0,0,2,0,0,0,0,0,0,0,0,0,0,0,2,0,0,0,0,0,0,0,0,0,0,2,0
sm12957824,21,2,0,3,0,0,0,92,6,0,0,0,0,0,1,1,1,0,3,3,0,0,14,1,0,0,0,2,0,0
sm12967128,2,0,1,0,0,3,0,0,0,0,0,0,0,0,0,0,0,0,1,0,0,1,0,1,0,0,0,0,0,0
sm12981881,5,0,0,1,0,1,0,1,0,0,0,0,0,3,0,0,0,0,3,0,0,0,1,0,0,0,0,0,0,0
sm12990765,16,0,0,0,0,4,1,1,0,0,0,0,0,1,1,2,1,0,1,1,1,0,0,0,0,1,0,2,0,0
sm13087456,8,0,0,9,2,6,3,1,0,0,0,0,0,4,0,2,1,0,7,1,0,1,0,2,0,0,0,1,0,0
sm13101737,2,0,0,0,0,3,0,0,0,0,0,0,0,2,0,0,1,0,1,0,0,0,0,0,0,0,0,0,0,0
sm13121567,3,1,0,0,0,0,0,6,0,0,0,0,0,1,0,0,0,0,0,0,0,0,2,0,0,0,0,0,0,0
sm13124416,4,0,0,0,0,0,0,2,0,0,0,0,0,0,0,0,0,0,0,0,0,0,0,0,0,0,0,0,0,0
sm13207406,8,0,0,1,1,1,0,0,0,0,0,0,0,1,0,1,0,0,1,0,0,0,0,0,0,0,0,0,0,1
sm13269029,8,0,1,1,0,5,0,0,0,0,0,0,0,3,0,0,0,0,0,0,0,0,0,0,0,0,0,1,0,0
sm13283978,4,0,3,0,0,3,1,0,0,0,0,0,0,2,1,1,1,6,0,0,0,0,0,0,0,0,0,2,0,0
sm13304052,49,0,0,1,1,0,0,60,11,1,1,0,1,4,2,9,0,0,2,4,2,0,28,3,0,1,4,3,0,1
sm13306896,117,7,17,5,12,5,0,77,5,5,1,4,2,34,13,14,2,4,11,6,1,3,20,1,11,1,1,18,0,2
sm13355870,2,0,0,0,1,0,0,0,0,0,0,0,0,2,1,0,0,0,0,0,0,1,0,0,0,0,0,0,0,0
sm13361994,42,5,0,6,42,13,0,69,10,1,1,0,3,5,1,14,8,4,12,16,3,1,63,2,0,0,6,17,0,1
sm13523086,1,0,0,0,1,0,0,1,0,0,1,3,0,0,0,0,0,0,0,0,0,0,0,0,2,0,0,0,0,0
sm13539726,3,0,0,3,0,13,1,1,0,0,0,0,0,0,2,1,1,1,2,0,0,1,0,1,0,0,0,1,0,0
sm13611637,0,0,0,0,0,4,0,0,0,0,0,0,0,0,0,0,0,1,0,0,0,0,0,0,0,0,0,0,0,0
sm13660306,7,0,0,0,0,0,0,0,0,0,0,0,0,0,0,0,0,0,0,0,0,0,0,0,0,0,0,0,0,0
sm13667717,20,0,1,2,0,26,2,2,0,0,1,0,0,1,2,1,1,0,0,0,0,1,1,0,0,2,0,2,0,3
sm13688764,0,0,0,0,0,0,0,12,0,0,0,0,0,0,0,0,0,0,0,1,0,0,5,0,0,0,0,0,0,0
sm13743929,19,0,0,0,0,7,1,6,0,0,0,0,0,4,0,1,0,0,0,1,1,2,1,0,0,0,0,6,0,0
sm13877207,5,4,0,0,0,0,0,2,0,0,0,0,0,0,0,0,0,0,0,0,0,0,1,0,0,0,0,0,0,0
sm13828417,4,0,0,1,0,1,0,4,1,1,0,0,0,1,0,0,0,0,2,0,0,0,1,0,0,0,0,1,0,0
sm13906236,0,0,0,1,0,2,0,2,0,0,0,0,0,0,0,0,0,0,1,0,0,1,1,0,0,0,0,0,0,0
sm13933448,2,0,0,0,0,0,0,0,0,0,0,0,0,0,0,2,0,1,0,0,0,0,0,0,0,0,0,0,0,0
sm13975932,1,0,0,0,0,0,0,0,0,0,0,0,0,1,0,0,0,0,0,0,0,0,0,0,0,0,0,1,0,0
sm13984259,5,3,0,2,0,6,0,0,0,0,1,0,0,2,0,0,1,0,6,0,1,0,0,0,0,0,0,0,1,0
sm13988881,7,0,0,0,1,0,0,14,1,0,0,0,0,0,0,0,0,0,0,1,0,0,1,0,0,0,0,1,0,0
sm13991340,20,1,0,0,1,0,0,1,0,0,0,0,0,0,0,1,0,0,0,1,0,0,1,2,0,0,0,2,0,0
sm14011063,5,3,0,0,0,0,0,4,0,0,0,0,0,3,0,20,0,0,0,0,0,0,2,0,0,0,0,0,0,0
sm14019085,16,0,0,0,0,2,0,2,0,0,0,0,0,2,3,0,0,2,0,0,0,0,0,0,0,1,1,2,0,0
sm14023769,1,0,0,0,0,0,0,6,0,0,0,0,0,0,0,0,0,0,0,0,0,0,0,0,0,0,0,0,0,0
sm14026396,4,0,0,0,0,0,0,3,0,0,0,0,0,0,0,0,0,0,0,0,1,0,0,0,0,0,1,0,0,0
sm14129888,14,0,0,0,0,3,0,0,0,1,0,0,1,0,0,1,0,0,1,0,0,0,0,0,0,0,0,2,0,0
sm14162938,3,2,0,0,0,0,0,6,0,0,0,0,0,1,0,0,0,0,0,0,0,0,4,0,0,0,0,1,0,0
sm14178212,5,0,0,0,0,0,0,1,0,0,1,0,0,0,0,0,0,0,0,0,0,0,0,0,0,0,0,1,0,0
sm1418287,6,1,3,7,0,0,0,1,0,0,0,0,2,19,0,2,0,0,0,3,1,5,0,0,0,0,1,5,0,2
sm14270346,22,1,0,9,3,30,2,3,0,0,2,0,0,2,0,0,0,1,7,0,2,0,0,0,0,0,0,0,1,1
sm14188383,5,0,0,0,0,5,0,0,0,0,0,0,0,0,0,0,0,0,0,0,0,0,0,0,0,0,0,1,0,0
sm14274692,4,2,1,6,2,2,0,0,0,1,1,5,0,1,0,2,2,0,1,0,0,1,0,0,19,30,0,1,0,0
sm14300255,3,0,0,0,0,0,0,5,0,0,0,0,0,0,0,0,0,0,0,0,0,0,0,0,0,0,0,0,0,0
sm14340959,1,0,0,0,0,0,0,8,0,0,0,0,0,0,0,0,0,0,0,1,0,0,5,0,0,0,0,0,0,0
sm14367556,4,0,0,0,0,0,0,0,0,0,0,0,0,1,0,0,0,0,0,0,0,0,0,0,0,0,0,0,0,0
sm14407430,7,0,0,1,0,6,0,0,0,0,0,0,0,4,0,0,0,0,1,1,0,0,0,0,0,0,0,0,0,0
sm14503375,1,0,0,1,0,0,0,0,0,0,1,0,0,0,1,0,0,0,0,0,0,0,0,0,0,0,0,0,0,0
sm14535451,30,4,1,2,3,1,0,131,6,1,2,1,2,24,0,1,1,0,3,2,0,0,14,0,0,0,2,4,5,1
sm1459286,0,0,0,0,0,0,0,2,0,0,0,0,0,0,0,0,0,0,0,0,0,0,0,1,0,0,0,0,0,0
sm14605161,3,0,0,0,0,0,0,0,0,0,0,0,0,1,0,0,0,0,0,0,0,0,0,0,0,0,0,0,0,0
sm14619871,5,0,0,0,0,2,0,1,0,0,0,0,0,0,0,0,0,1,0,0,1,0,1,0,0,0,0,0,0,0
sm14637044,2,0,1,0,0,0,0,0,0,0,0,0,0,0,0,0,0,0,2,0,0,0,0,0,0,0,0,1,0,0
sm14606732,16,1,2,1,5,8,2,16,2,0,0,0,0,5,5,3,1,1,3,2,2,0,2,0,3,0,0,3,0,0
sm14639128,11,0,0,0,0,0,0,9,0,0,0,0,0,1,0,0,0,0,0,0,0,0,1,0,0,0,1,0,0,0
sm14639413,12,0,0,2,1,0,0,48,1,0,0,0,0,0,0,11,0,1,1,0,0,0,9,0,0,0,1,2,0,0
sm14641461,31,0,2,7,1,18,1,10,0,0,1,3,0,8,5,4,2,1,1,3,1,3,3,1,3,0,1,5,11,2
sm14657185,4,0,0,3,1,0,0,0,0,0,0,0,0,0,0,0,0,0,0,0,0,0,1,0,0,0,0,0,0,0
sm14662292,3,0,0,0,1,2,0,0,0,0,0,0,0,4,0,0,0,0,0,0,0,0,0,0,0,0,0,0,0,0
sm14679230,12,0,0,2,0,0,0,29,1,0,0,0,1,2,0,1,0,0,2,0,1,0,4,0,0,0,0,3,0,0
sm14700702,8,1,0,0,0,0,0,3,0,0,0,0,0,0,0,0,0,0,0,0,0,0,2,0,0,0,0,2,0,0
sm14704133,8,0,0,1,1,1,0,8,0,0,0,0,0,1,0,2,0,0,1,0,1,0,1,0,0,0,0,0,0,0
sm14731596,2,0,0,2,0,0,0,10,0,0,0,0,0,0,0,0,0,0,0,1,0,0,2,0,0,0,0,0,0,0
sm14742092,2,0,0,0,0,0,0,11,0,0,0,0,0,1,0,0,0,0,0,0,0,0,0,0,0,0,0,1,0,0
sm14760181,18,0,1,1,0,6,2,0,0,1,1,0,0,7,2,4,4,0,6,1,2,0,0,1,0,0,0,4,0,1
sm14820593,8,0,0,0,0,0,0,1,0,0,0,0,0,1,0,0,0,0,0,0,1,0,0,0,0,0,0,1,0,0
sm14829786,9,0,0,0,2,0,0,4,0,0,0,0,0,2,0,0,0,1,0,1,0,0,2,0,0,0,1,0,0,0
sm14849770,2,0,0,0,0,3,0,0,0,0,0,0,0,0,1,0,0,1,1,0,0,0,0,0,0,0,0,0,0,0
sm14864051,16,2,0,1,0,0,0,3,0,0,0,0,1,3,0,1,0,0,1,0,0,0,1,0,0,0,0,1,0,0
sm14891347,3,0,0,0,0,1,0,0,0,0,0,0,0,1,0,0,0,0,0,1,0,0,0,0,0,0,0,0,0,0
sm14904005,8,0,0,1,1,4,0,0,0,0,0,0,0,0,1,0,1,0,0,0,0,1,0,0,0,0,0,0,0,0
sm14926860,24,2,1,9,1,22,3,4,0,1,4,0,4,3,2,7,5,12,7,3,1,1,2,2,3,0,0,1,0,1
sm14934781,11,2,0,1,0,0,0,0,0,7,0,0,0,1,0,2,0,2,3,1,1,0,4,0,2,0,0,1,0,0
sm14945102,1,0,0,0,0,0,0,4,0,0,0,0,0,0,0,0,0,0,0,1,0,0,1,0,0,0,0,0,0,0
sm15010446,6,1,0,1,1,15,1,0,0,0,0,0,0,1,0,3,0,0,0,0,1,0,0,0,0,0,0,2,0,0
sm14989713,14,3,0,3,1,4,0,3,0,0,0,0,0,3,0,4,4,1,5,1,0,1,1,0,2,1,0,5,0,0
sm15015175,1,0,0,0,0,4,0,0,0,0,0,0,0,0,0,0,0,0,1,0,0,0,0,0,0,0,0,0,0,0
sm15016420,30,10,0,11,4,1,0,163,10,1,4,0,0,6,2,7,3,1,11,6,2,0,56,2,1,1,0,6,2,1
sm15022913,52,12,1,1,13,0,0,9,1,2,1,0,3,16,1,12,3,0,12,5,2,4,33,4,1,2,1,6,0,1
sm15032299,17,0,0,1,0,0,0,33,1,0,0,0,0,3,6,0,0,1,3,0,0,0,7,0,0,0,1,1,0,1
sm15044727,5,0,1,1,0,1,1,1,0,0,0,0,0,0,2,0,0,0,0,0,1,0,0,0,0,0,0,1,0,0
sm15054061,7,2,0,5,0,31,2,1,0,0,1,1,0,1,0,9,0,0,7,3,0,0,0,0,0,0,0,0,1,0
sm15099538,3,0,0,0,0,0,0,1,0,0,1,0,0,0,0,0,0,0,0,0,0,0,0,0,0,0,0,0,0,0
sm15090846,9,0,0,0,0,1,0,0,0,0,0,0,0,1,0,0,1,1,0,0,0,0,0,0,0,0,0,4,0,0
sm15101518,2,2,0,2,0,0,0,16,1,1,0,0,0,0,0,0,1,0,0,0,0,1,10,0,0,0,0,0,0,0
sm15107170,4,0,0,0,0,5,1,0,0,0,0,0,0,0,1,0,0,0,0,1,0,0,0,0,0,0,0,1,0,0
sm15147135,4,0,0,0,0,7,1,0,0,0,0,0,1,2,0,0,0,3,2,0,0,0,0,0,0,0,1,0,0,0
sm15189350,11,2,0,1,0,0,0,5,0,0,0,0,1,3,0,2,0,0,0,0,0,0,1,0,0,0,0,3,0,0
sm15207451,22,1,1,2,2,0,0,24,0,0,0,0,1,3,1,4,0,0,2,1,0,0,11,0,0,6,1,2,1,1
sm15242659,1,0,0,0,0,0,0,0,0,0,0,0,0,0,0,0,0,1,0,0,0,0,0,0,0,0,0,0,1,0
sm15230821,35,4,1,3,2,8,2,20,1,0,3,1,0,7,1,14,2,0,11,17,1,1,5,3,2,0,1,4,0,0
sm15279074,53,3,1,15,1,0,0,139,10,4,1,0,3,6,4,14,2,0,4,1,1,2,25,1,0,3,0,1,0,0
sm15289816,1,0,0,1,0,1,0,0,0,0,0,0,0,5,0,0,0,0,0,0,1,1,0,0,0,0,1,1,0,0
sm15318436,5,1,0,0,0,2,0,0,0,0,1,0,0,0,0,0,0,0,0,0,0,0,0,0,0,0,1,1,0,0
sm15308214,32,9,2,10,1,14,2,10,1,5,6,2,1,4,1,12,1,0,6,6,2,1,4,2,9,0,2,9,1,1
sm15350132,1,0,0,0,0,0,0,3,0,0,0,0,0,1,0,0,0,0,0,0,0,0,0,0,0,0,0,0,0,0
sm15354560,4,0,0,0,0,0,0,4,0,0,0,0,0,0,0,0,0,0,1,0,0,0,0,0,0,0,0,1,0,0
sm15361114,9,0,0,2,0,2,0,2,0,0,0,0,1,0,0,0,0,0,2,0,0,0,0,0,0,0,1,1,0,0
sm15428781,4,0,0,0,0,0,0,0,0,0,0,0,0,0,0,0,0,0,0,0,0,0,0,0,0,0,0,0,0,0
sm15430979,9,0,0,1,0,0,0,11,0,0,0,0,0,0,0,0,0,0,2,0,0,0,2,0,0,0,0,0,0,0
sm15448244,8,0,0,0,0,7,0,3,0,0,0,0,0,2,0,0,0,2,0,0,0,0,0,0,0,0,0,1,0,1
sm15470588,0,0,0,0,0,0,0,1,0,0,0,0,0,0,0,0,0,0,0,0,0,0,0,0,0,0,0,0,0,0
sm15474540,6,1,0,2,0,0,0,2,0,0,0,0,0,9,2,0,0,0,1,1,0,0,1,1,0,0,0,1,0,2
sm15493390,0,0,0,0,0,0,0,2,0,0,0,0,0,1,0,1,0,0,0,0,0,1,0,0,0,0,0,0,0,0
sm15522291,6,0,0,0,0,4,0,1,0,0,0,0,0,2,0,0,0,0,3,0,0,0,0,0,0,0,0,0,0,0
sm15522536,3,0,0,0,0,1,0,0,0,0,0,0,0,1,0,0,1,0,0,1,0,1,0,0,0,0,0,0,0,0
sm15531021,5,0,0,0,0,0,0,0,0,0,0,0,0,2,0,0,0,0,2,1,0,0,1,0,0,0,0,3,0,1
sm15533024,4,0,0,0,0,7,0,0,0,0,0,0,0,0,0,0,0,0,0,0,0,0,0,0,0,0,0,1,1,1
sm15568640,8,0,0,0,0,0,0,0,0,0,0,0,0,0,0,0,0,0,0,0,0,0,0,0,0,0,0,0,0,0
sm15553296,8,0,0,6,1,18,0,0,0,0,1,0,0,3,0,5,1,0,1,1,0,1,0,0,0,0,0,0,1,0
sm15572522,12,0,0,1,0,3,0,0,0,0,0,0,1,0,0,0,0,0,0,0,0,0,0,0,0,0,0,0,0,0
sm15652860,7,0,0,0,0,2,0,0,0,0,0,0,1,4,1,0,1,0,0,1,0,1,0,0,0,0,0,1,0,0
sm15583068,4,0,0,0,1,1,0,0,0,0,1,0,0,3,1,0,0,0,0,0,0,1,0,0,0,0,0,1,0,0
sm15676851,48,3,0,7,7,9,0,184,10,1,2,0,0,7,1,17,2,1,10,3,1,0,48,0,1,0,0,4,0,4
sm15686024,4,0,1,0,0,0,0,1,0,0,0,0,0,1,0,1,1,0,0,0,0,0,0,0,0,1,0,0,0,1
sm15686051,0,0,0,0,0,0,0,3,0,0,0,0,0,0,1,0,1,0,0,0,0,1,1,0,0,0,0,0,0,0
sm15696369,6,0,0,2,0,0,0,3,0,0,0,0,0,0,0,0,0,0,0,0,0,0,0,0,0,0,0,0,0,0
sm15714327,2,0,0,0,1,7,1,0,0,0,2,0,0,0,0,1,0,1,0,1,0,0,0,0,0,1,0,2,0,0
sm15719556,39,0,0,3,1,6,0,56,7,0,0,3,3,1,3,7,0,2,3,2,1,1,15,0,3,0,0,3,3,2
sm15719565,3,1,0,0,1,1,0,1,0,0,0,0,0,0,0,0,1,1,1,0,0,0,0,0,0,0,0,1,0,0
sm15741427,1,0,0,0,0,1,0,0,0,0,0,0,0,0,1,1,0,0,0,0,0,0,0,0,0,0,0,0,1,0
sm15751190,70,3,0,1,16,3,0,2,0,1,2,0,2,3,0,38,2,2,4,4,0,1,5,1,2,1,0,18,0,3
sm15789837,5,0,0,0,1,0,0,0,0,0,0,0,0,1,0,0,1,0,1,0,0,0,0,0,0,1,1,1,0,0
sm15800552,15,0,2,0,0,0,0,2,0,0,0,0,0,4,0,0,0,0,0,0,0,0,0,0,0,1,0,2,0,0
sm15815944,2,0,0,1,0,4,0,0,0,0,0,0,0,2,2,0,0,0,0,0,0,0,0,0,0,0,0,0,0,0
sm15825105,2,0,1,0,0,0,0,0,0,0,1,13,0,0,0,4,0,0,0,0,0,0,0,0,1,0,0,0,0,0
sm15841119,2,0,0,0,0,2,0,0,0,0,0,0,0,0,0,0,0,1,0,0,0,0,0,0,0,0,0,0,0,0
sm15844332,1,0,0,0,0,1,0,0,0,0,0,0,0,0,0,0,0,0,0,0,0,0,0,0,0,0,0,1,0,0
sm15853580,4,0,0,1,0,5,0,0,0,0,0,0,0,2,0,0,0,0,0,0,0,0,0,0,0,0,0,0,1,0
sm15875228,13,0,0,0,1,2,0,1,0,0,0,0,0,8,2,1,0,0,7,1,0,2,0,0,1,0,0,2,0,0
sm15922203,10,1,0,0,1,2,0,0,0,0,0,0,0,2,0,0,0,0,0,1,1,0,1,0,0,0,0,0,1,0
sm15933955,5,1,0,1,0,0,0,9,0,0,0,0,0,0,0,0,0,0,1,2,1,0,3,0,0,0,1,0,0,0
sm15942116,5,0,0,0,0,0,0,2,0,0,0,0,0,0,0,0,0,0,0,0,0,0,2,0,0,0,0,0,0,0
sm15970184,0,0,0,0,0,0,1,0,0,0,0,0,0,0,0,0,0,0,0,0,0,0,0,0,0,0,0,0,0,0
sm15955450,5,0,1,0,0,7,0,3,0,1,2,0,0,1,0,0,0,0,1,0,1,0,1,0,0,0,1,0,0,0
sm15987636,3,0,1,0,5,11,0,0,0,0,2,0,0,3,1,1,0,0,1,1,0,0,0,0,2,0,0,1,0,1
sm16007598,1,0,0,0,0,0,0,2,0,0,0,0,0,0,0,0,0,0,1,0,0,0,0,0,0,0,0,0,0,0
sm15980251,8,0,0,1,0,0,0,6,1,1,0,0,0,2,0,1,0,0,0,1,0,0,1,0,0,0,1,1,0,0
sm16011363,62,3,3,23,2,82,2,1,0,0,2,1,1,4,1,6,1,1,12,3,1,1,0,0,1,1,2,5,0,1
sm16049992,29,1,1,27,11,0,0,35,5,0,0,0,0,3,1,2,1,0,5,1,0,2,1,0,0,0,1,3,0,0
sm16065869,0,0,0,2,0,0,0,3,0,0,0,0,0,0,0,0,0,0,0,0,0,0,0,0,0,0,0,1,0,0
sm16069888,1,0,0,0,0,0,0,3,1,0,0,0,0,2,1,0,0,0,0,0,1,0,0,0,0,0,0,0,0,0
sm16070272,1,0,0,2,0,1,1,1,0,0,0,0,0,1,0,0,0,0,0,0,0,0,0,0,0,0,0,0,0,0
sm16076097,3,0,0,0,0,0,0,1,0,0,0,0,0,0,0,0,0,0,0,7,0,0,0,0,0,0,0,4,0,0
sm16079453,5,1,0,0,0,1,0,2,0,0,0,0,0,0,1,0,0,0,0,0,0,0,2,0,0,0,0,0,0,0
sm16085344,2,0,0,0,0,0,0,0,0,0,0,0,0,2,0,0,0,0,0,0,0,0,1,0,0,0,0,0,0,0
sm16137694,2,0,0,1,0,0,0,13,0,0,0,0,0,1,0,0,0,0,0,0,0,0,0,0,0,0,0,0,0,0
sm16187258,6,0,0,0,0,0,0,0,0,0,0,0,0,3,0,0,0,0,3,1,1,5,0,0,0,0,0,1,0,1
sm16201802,9,0,0,0,0,1,0,2,0,0,0,0,1,1,0,0,0,0,0,1,0,0,2,0,0,0,0,0,0,0
sm16229812,7,0,0,2,0,0,0,3,1,0,0,0,0,1,2,0,1,0,1,1,0,0,0,0,0,0,0,2,0,0
sm16231559,23,0,0,1,4,25,1,0,0,0,0,0,1,0,2,2,0,0,2,0,0,1,0,0,0,0,0,2,0,0
sm16253955,3,0,0,1,0,5,0,1,0,0,0,0,0,1,0,0,0,0,0,0,0,1,0,0,0,0,0,1,0,0
sm16238717,18,1,0,4,2,4,0,1,1,0,1,5,0,13,1,6,0,0,10,0,2,0,1,2,12,0,0,3,4,0
sm16258483,1,0,0,0,0,0,0,3,0,0,0,0,0,0,0,0,0,0,0,0,0,0,0,0,0,0,0,1,0,0
sm1632617,3,1,0,0,0,0,0,0,0,0,0,0,1,3,0,0,0,0,0,1,1,1,0,1,0,0,0,0,0,0
sm16352396,1,0,0,0,0,0,0,1,0,0,0,0,0,0,0,0,0,0,0,0,0,0,0,0,1,0,0,0,0,0
sm16353783,110,2,2,18,11,7,1,69,5,1,0,0,0,55,9,15,1,1,16,5,8,5,12,0,0,0,3,14,0,2
sm16386722,9,0,0,0,1,0,0,2,0,0,0,0,0,1,0,1,0,0,0,0,0,0,1,0,0,0,0,0,0,0
sm16387915,17,0,0,1,0,1,0,0,0,0,0,0,0,2,2,2,0,0,6,1,0,1,0,0,1,0,0,3,0,0
sm16405963,23,2,2,2,2,0,3,43,1,11,3,1,3,7,1,8,0,0,13,1,2,4,14,1,0,5,0,2,0,1
sm16409992,2,0,1,0,0,0,0,2,0,0,0,0,0,1,0,0,0,0,0,0,0,0,0,0,0,0,0,1,0,0
sm16475295,2,0,0,1,0,1,0,0,0,0,0,0,0,1,0,1,0,0,0,0,0,0,0,0,0,0,0,1,0,0
sm16448432,6,0,0,0,0,4,0,0,0,0,0,0,0,0,0,0,0,1,0,0,0,0,0,0,0,0,0,1,0,0
sm16493013,0,0,0,0,0,0,0,3,0,0,0,0,0,0,0,0,0,0,1,0,0,0,0,0,0,0,0,0,0,0
sm16527005,1,0,0,0,0,0,0,0,0,0,0,0,0,1,0,1,0,0,0,1,0,0,0,0,0,0,0,1,0,0
sm16496406,1,0,0,0,0,0,0,0,0,0,0,0,0,1,0,0,0,0,0,0,0,0,0,0,0,0,0,0,0,0
sm16559290,2,0,0,0,0,0,0,5,0,0,0,0,0,0,0,0,1,0,1,0,0,0,0,0,0,0,0,0,0,0
sm16366329,36,9,1,11,4,6,0,61,8,5,1,0,3,7,0,13,2,1,10,9,1,2,31,1,1,1,0,1,1,1
sm16588541,5,0,0,0,1,0,0,0,0,0,0,0,0,2,0,0,0,0,0,0,0,0,0,0,0,0,0,0,0,0
sm16583264,14,0,0,0,0,0,0,0,0,0,1,0,0,3,0,0,0,0,0,2,0,0,0,0,0,0,0,0,0,0
sm16659931,47,2,2,3,1,18,0,2,0,1,2,0,1,9,1,3,1,0,2,0,1,0,0,0,0,0,0,8,0,0
sm16670262,10,0,0,0,0,0,0,0,0,0,0,0,0,5,0,1,2,1,1,0,0,1,0,0,0,0,2,3,0,0
sm16693218,50,5,1,7,5,33,2,36,0,0,20,1,2,15,4,11,2,2,10,1,0,2,7,1,3,2,5,2,0,1
sm16681219,4,0,0,0,0,0,0,0,0,0,0,0,0,0,0,0,0,0,0,0,0,0,0,0,0,0,0,1,0,0
sm16707821,12,0,0,1,0,0,0,21,2,0,0,0,0,1,1,0,0,2,3,0,0,0,3,0,0,0,0,1,0,0
sm16719809,37,9,0,7,27,0,0,163,18,3,1,0,2,5,3,10,2,2,7,5,2,0,99,2,0,0,1,3,0,1
sm16729081,6,1,0,2,0,0,0,29,2,0,0,0,0,0,0,2,0,3,0,0,1,0,3,0,0,1,0,1,0,0
sm16734827,4,4,0,0,0,1,0,0,0,0,0,0,0,1,0,3,0,0,0,0,1,0,0,0,0,0,0,0,0,0
sm16735237,4,0,0,0,0,0,0,1,0,0,0,0,0,1,1,0,0,0,0,0,0,0,1,0,0,0,0,2,0,0
sm16765671,17,1,0,3,1,34,3,0,0,0,0,0,0,1,0,1,6,1,8,2,2,1,0,0,0,0,0,3,0,0
sm16768902,5,0,0,2,0,0,0,5,0,0,0,0,0,0,0,0,0,0,0,0,0,1,0,0,2,0,0,2,0,0
sm16769854,6,0,0,2,0,4,0,1,0,0,1,0,0,2,0,1,0,0,1,0,0,0,0,0,0,0,0,0,0,0
sm16770185,0,0,0,0,0,0,0,2,0,0,0,0,0,0,0,0,0,0,0,0,0,0,0,0,0,0,0,0,0,0
sm16772333,2,0,0,1,0,0,0,4,1,0,0,0,0,0,1,0,0,0,0,0,0,0,0,0,0,0,0,0,0,0
sm16772487,17,1,0,3,10,6,0,17,1,0,2,0,0,4,0,1,1,0,1,0,0,1,3,0,0,0,0,2,0,0
sm16799739,6,0,0,0,0,0,0,1,0,0,0,0,0,1,1,0,1,0,0,0,0,0,0,0,0,0,0,0,0,0
sm16800139,3,0,0,0,0,0,0,1,0,0,0,0,0,0,0,0,0,0,0,0,0,0,0,0,0,0,0,0,0,0
sm16825773,4,0,0,1,0,9,0,0,0,0,0,0,0,1,0,0,0,1,0,3,0,0,0,0,0,0,0,0,0,0
sm16827089,1,0,0,1,6,2,0,1,0,1,0,0,0,0,1,0,0,0,0,0,0,0,0,0,0,0,0,1,0,0
sm16833058,12,0,0,3,1,0,0,56,4,1,0,0,0,0,0,0,0,0,2,0,0,0,10,0,0,0,0,1,0,0
sm16844849,45,4,0,2,1,0,0,12,0,0,1,0,1,3,1,1,5,3,6,0,0,1,1,1,0,0,2,4,2,0
sm16846374,21,7,0,3,5,0,0,51,8,0,0,0,2,0,0,4,2,0,3,9,6,0,45,3,1,0,0,7,0,1
sm16859428,92,3,2,5,4,4,0,57,2,0,1,0,1,15,8,16,4,1,3,4,2,1,17,2,1,1,1,11,2,0
sm16913043,2,0,0,2,0,4,0,0,0,0,0,0,0,0,0,1,0,0,0,0,0,0,0,0,0,0,0,0,0,0
sm16969007,31,0,2,5,0,5,0,8,0,0,0,0,1,6,0,2,2,0,4,1,0,1,3,0,0,1,0,6,0,0
sm16973327,41,2,1,7,7,25,4,6,1,12,2,0,2,15,3,13,1,0,5,3,1,5,9,3,0,1,0,5,1,1
sm16980824,15,1,0,6,1,32,0,1,0,0,2,0,1,2,1,0,0,0,2,1,0,0,0,0,0,0,0,2,7,1
sm17020500,2,0,0,0,0,5,0,0,0,0,0,0,0,1,0,0,0,0,0,0,0,1,0,0,0,0,0,1,0,0
sm17015301,3,1,1,2,0,0,0,9,0,0,0,0,0,0,0,1,0,0,1,0,0,0,6,1,0,0,0,2,2,0
sm17067188,10,0,0,0,0,0,0,1,0,1,0,0,0,0,0,2,0,0,0,0,0,0,0,0,0,0,0,1,0,0
sm17092280,2,0,0,0,0,0,0,4,0,0,0,0,0,1,0,0,0,0,0,0,0,0,0,0,0,0,0,0,0,0
sm17134469,7,0,0,1,2,0,0,0,0,0,0,0,0,1,0,0,1,0,1,0,0,1,0,0,0,0,0,0,0,0
sm17112691,29,6,1,3,0,24,0,14,0,1,2,0,0,8,0,2,2,1,6,3,3,0,2,0,0,0,0,7,1,0
sm17142789,48,1,1,0,7,0,0,0,0,1,3,0,2,11,8,7,0,0,2,12,3,3,2,2,0,8,2,13,1,2
sm17147346,10,0,0,0,0,3,0,1,0,0,0,0,0,0,0,0,0,0,1,0,0,0,0,0,0,0,0,1,0,0
sm1718025,2,3,0,2,0,0,0,3,0,0,1,0,0,0,0,5,0,0,1,2,0,0,1,1,0,2,1,1,0,0
sm17191781,43,7,4,1,8,19,0,2,1,1,3,0,0,4,3,7,2,46,5,7,2,3,4,3,0,1,0,5,1,0
sm17201316,29,0,0,1,1,2,0,2,0,0,0,0,1,4,1,2,0,0,0,2,2,0,0,0,1,0,0,5,0,1
sm17202463,0,0,0,1,0,0,0,0,0,0,0,0,0,0,0,0,0,0,1,0,0,0,0,0,0,0,0,0,0,0
sm17211747,5,1,0,8,1,0,0,30,1,0,0,0,0,1,0,3,0,0,0,10,0,0,38,0,0,0,0,2,0,0
sm17213108,4,0,0,0,0,0,0,3,0,0,0,0,0,3,6,5,0,1,1,1,0,1,0,0,0,0,0,3,0,1
sm17213446,3,0,0,0,0,0,0,10,0,0,0,0,0,1,0,1,0,0,0,1,0,0,1,0,0,0,0,1,0,0
sm17228726,3,0,0,0,0,1,0,0,0,0,0,0,0,1,0,0,0,0,0,0,0,0,0,0,0,0,0,2,1,0
sm17235354,3,0,0,0,0,4,1,0,0,0,0,0,0,1,0,1,0,0,0,1,0,2,0,0,0,0,0,2,0,0
sm17323674,2,0,0,0,0,0,0,0,0,0,0,0,0,1,0,0,0,0,0,0,0,0,0,0,0,0,0,0,0,0
sm17336304,0,0,1,0,1,0,0,0,0,0,0,0,0,1,0,0,0,0,0,0,0,0,0,0,0,0,0,0,0,0
sm17457529,5,0,0,0,0,1,0,0,0,0,0,0,0,1,0,0,0,6,0,1,0,0,0,0,0,0,0,0,0,0
sm1884912,1,1,0,0,2,3,0,0,0,0,0,0,0,0,0,0,0,1,0,0,0,0,0,0,0,0,0,0,0,0
sm1986944,5,0,0,1,0,0,0,0,0,0,0,0,0,0,0,1,0,0,0,0,0,0,0,0,0,0,0,0,0,0
sm2013783,3,0,2,1,0,0,0,10,1,0,0,0,0,2,0,1,1,0,0,0,0,0,5,1,0,0,0,1,0,0
sm2039810,2,0,0,1,0,3,1,1,0,0,1,2,0,0,1,2,0,0,0,0,0,0,0,0,0,0,0,3,0,0
sm2096153,7,0,1,1,0,0,0,0,0,0,0,0,0,0,0,1,1,0,4,0,0,0,0,0,0,0,1,1,0,0
sm2205860,1,0,0,0,0,0,0,0,0,0,0,0,0,1,0,2,0,0,1,1,0,0,2,0,0,0,0,1,0,1
sm2280411,1,0,1,0,0,0,0,0,0,0,0,0,0,1,0,0,0,0,0,0,0,0,0,0,0,0,0,0,0,0
sm2408207,5,0,0,0,0,0,0,0,0,0,0,0,0,0,0,2,1,0,0,2,0,1,1,0,0,0,0,1,0,0
sm2489873,6,0,0,0,0,0,0,0,0,0,0,0,0,3,1,1,0,0,2,2,0,0,0,0,0,0,0,1,0,0
sm2519176,13,0,0,0,0,4,0,8,2,0,1,0,0,2,4,0,2,2,0,0,1,0,1,2,0,0,1,3,0,0
sm2533949,3,1,0,0,0,0,0,4,1,0,1,0,0,0,0,0,0,0,0,0,0,0,0,0,0,0,0,0,2,0
sm2553659,11,1,0,0,1,0,0,0,0,0,0,0,0,2,0,0,0,0,0,1,0,0,0,0,0,0,0,1,0,0
sm2577615,1,0,0,2,0,0,1,0,0,0,0,0,0,0,1,0,0,0,0,0,0,0,1,0,0,0,0,0,0,0
sm2653480,1,1,0,7,0,15,0,2,0,0,0,0,0,1,2,0,1,0,0,0,1,0,1,0,0,0,0,0,0,0
sm2584252,3,0,0,0,0,0,0,0,0,0,0,0,0,3,1,2,0,0,2,0,0,1,0,0,0,0,0,0,0,0
sm2678744,35,3,4,11,1,0,1,75,6,1,1,0,0,7,4,28,2,2,9,3,1,4,14,1,0,3,0,2,0,6
sm2758851,34,0,4,2,0,0,0,45,2,0,0,0,0,4,3,5,2,0,3,4,1,0,5,1,0,0,1,4,0,0
sm2827322,4,0,0,2,0,0,0,3,1,0,0,0,0,0,0,0,1,0,0,1,0,0,2,0,0,0,0,1,0,0
sm3032672,2,2,0,0,0,0,0,0,0,0,0,0,1,0,0,0,1,0,0,0,0,0,0,0,0,0,1,3,0,0
sm3045725,10,1,0,0,0,1,0,0,0,0,0,0,1,2,3,3,2,1,2,4,0,0,0,2,0,0,0,1,0,0
sm3060283,3,0,0,0,0,0,0,5,0,0,0,0,0,1,0,0,0,0,0,1,1,0,1,0,0,0,0,2,0,0
sm3197958,3,0,0,0,0,3,0,0,0,0,0,0,0,0,1,0,1,0,0,0,0,0,0,0,0,0,0,1,0,1
sm3279352,2,0,0,1,0,0,0,1,0,0,0,0,0,0,1,0,0,0,0,2,0,0,1,1,0,0,0,0,0,0
sm3372198,2,0,0,0,0,1,1,0,0,1,1,0,0,0,1,0,0,0,0,0,0,0,1,0,0,0,0,0,0,0
sm3425798,1,0,0,0,0,0,0,0,0,0,0,0,0,0,0,0,0,0,0,0,0,0,0,1,0,0,0,0,0,0
sm3534601,23,0,1,0,0,0,0,4,1,0,0,0,1,2,0,2,0,0,0,0,0,0,2,0,0,0,1,4,0,0
sm3636268,6,0,0,0,0,0,0,8,0,0,0,0,0,0,0,0,0,0,0,1,0,0,0,0,0,0,0,0,0,0
sm3671490,7,0,0,1,1,0,0,33,1,0,0,0,0,3,0,0,0,0,0,1,1,2,11,0,0,0,1,3,1,0
sm3671912,1,0,0,1,0,0,0,2,0,0,0,0,0,4,2,5,0,0,0,0,0,0,0,0,0,0,0,1,0,0
sm3698889,2,0,0,3,0,1,0,1,0,0,1,4,0,0,0,1,0,0,0,0,0,0,0,0,3,0,0,0,0,0
sm3950088,8,0,0,0,0,0,0,4,0,0,0,0,0,1,0,0,0,0,0,0,0,0,2,0,0,0,0,0,0,0
sm3971759,4,0,1,0,0,0,0,4,0,0,0,0,0,0,0,0,0,1,0,0,0,0,0,0,0,0,0,0,0,0
sm4028567,14,0,0,0,0,0,0,0,0,0,0,0,0,1,0,1,0,0,0,0,0,2,0,0,0,0,0,0,0,0
sm3995757,35,0,0,21,2,31,3,1,0,0,3,26,1,13,8,2,2,1,4,3,0,3,0,2,12,0,1,4,1,2
sm4180612,4,0,0,0,0,0,0,1,0,0,0,0,0,0,0,0,0,0,0,2,1,0,0,1,0,0,0,0,0,0
sm4189459,11,1,0,1,0,0,0,24,4,1,0,0,1,2,0,2,0,2,0,1,0,2,4,1,0,0,0,2,0,0
sm4218005,23,0,2,1,0,0,0,24,1,0,0,0,0,8,1,2,1,0,2,3,2,2,17,1,0,0,1,7,6,0
sm4271005,1,0,0,1,1,0,0,2,2,0,0,0,0,0,0,0,0,0,0,1,0,0,1,0,0,0,0,2,0,1
sm4247321,18,0,0,1,3,0,0,1,0,0,0,0,0,2,3,0,1,0,1,3,0,0,0,1,0,0,2,4,7,0
sm4291081,1,1,0,0,0,0,0,1,0,0,0,0,0,1,1,0,0,0,0,0,0,0,0,0,0,0,0,0,0,0
sm4387562,0,0,0,1,0,0,0,3,0,0,0,0,0,0,0,0,0,0,0,0,0,0,0,0,0,0,0,0,0,0
sm4451787,12,0,0,0,0,6,0,0,0,0,1,0,0,1,1,1,0,0,0,0,0,0,0,0,0,0,0,2,0,1
sm4459566,0,0,0,1,0,0,0,1,0,0,0,0,1,1,0,0,0,0,0,1,0,0,0,0,0,1,0,0,0,0
sm4554935,17,1,2,36,3,0,0,77,13,0,0,0,2,2,0,1,4,0,20,2,4,0,59,1,0,0,2,0,0,0
sm4611149,2,0,0,0,0,1,0,0,0,0,0,0,0,3,0,0,0,0,0,0,0,0,0,1,0,0,0,1,0,0
sm4611428,2,0,0,0,0,0,0,2,0,1,0,0,0,1,0,0,0,0,0,0,0,0,1,0,0,1,0,0,0,0
sm4669648,2,0,0,2,1,4,2,0,0,0,0,0,0,1,0,0,0,0,0,0,0,0,0,0,0,0,0,0,0,0
sm4740727,7,0,0,0,0,0,0,7,0,0,0,0,0,0,0,1,0,0,0,0,0,0,1,0,0,0,0,0,0,0
sm4775983,1,0,0,0,0,0,1,0,0,0,0,0,0,0,0,1,0,0,0,0,0,0,0,0,0,0,0,0,0,0
sm4917069,35,0,1,0,0,1,0,0,0,0,0,0,1,8,0,1,0,0,2,2,0,3,0,2,0,0,0,9,0,0
sm4966548,2,0,1,0,0,1,0,2,0,0,0,0,0,0,0,0,0,0,0,0,0,0,2,0,0,0,0,1,0,0
sm5114973,0,0,0,0,0,0,0,8,0,0,0,1,0,0,1,0,0,0,0,0,0,0,3,0,0,0,0,0,0,0
sm5085658,20,0,1,0,0,0,0,10,0,0,0,0,1,3,0,6,0,0,1,1,0,0,2,1,0,0,1,7,3,1
sm5137683,2,0,0,0,0,0,0,5,0,0,0,0,0,0,0,0,0,0,0,0,0,0,1,0,0,0,0,2,0,0
sm5168173,7,1,1,0,0,0,0,16,2,0,0,0,0,1,0,1,0,0,0,0,1,0,6,0,0,0,0,1,0,0
sm5281569,7,0,0,0,0,2,1,0,0,0,0,0,0,4,0,1,0,0,0,1,1,0,0,0,0,0,0,2,0,0
sm5296638,3,0,0,3,1,3,1,0,0,0,0,0,0,0,2,0,0,1,0,1,1,1,0,0,0,3,0,1,0,0
sm5332327,1,0,0,0,0,2,0,0,0,0,2,0,0,0,0,0,0,0,0,1,0,0,0,0,0,0,0,0,0,0
sm5332638,14,1,1,0,0,4,0,0,0,0,0,0,0,3,1,2,0,0,0,1,1,0,0,2,0,1,0,1,6,2
sm5486732,1,0,1,1,0,2,0,0,0,0,0,0,0,0,0,0,0,0,0,0,0,0,0,0,0,0,0,0,0,0
sm5513850,5,0,0,0,2,0,0,0,0,0,0,0,0,0,1,0,0,0,0,1,0,0,0,0,0,0,0,0,1,0
sm5563391,13,0,0,2,0,7,0,0,0,0,0,0,0,3,2,2,0,2,2,1,1,2,0,0,0,0,0,8,0,0
sm5601322,1,0,0,0,0,0,0,0,0,0,0,1,0,1,0,0,0,0,0,0,0,0,0,0,0,0,0,0,0,0
sm5608513,1,0,0,1,0,1,0,3,0,0,0,0,0,1,1,0,1,1,0,1,0,0,1,0,0,0,0,0,0,0
sm5717613,2,0,0,0,0,0,0,0,0,0,0,5,0,0,0,0,1,0,0,0,0,0,0,0,1,0,0,0,0,0
sm5657281,1,0,0,0,0,3,0,0,0,0,0,0,0,2,0,1,1,0,0,0,0,0,0,0,1,0,1,0,0,0
sm5870324,11,0,1,2,15,3,1,0,0,0,0,0,0,3,0,5,4,2,0,0,0,2,1,0,0,0,1,1,0,0
sm5948584,3,0,0,0,0,1,0,0,0,0,0,0,0,0,0,0,0,0,0,0,0,0,0,0,0,0,0,1,0,0
sm6030356,7,0,0,2,0,3,0,1,0,2,0,0,0,4,1,0,2,0,1,3,0,1,0,0,0,0,0,0,1,0
sm6059337,1,0,0,0,0,0,0,0,0,0,0,0,0,0,1,0,1,0,0,0,0,0,0,0,0,0,0,0,0,0
sm6119553,0,0,0,0,0,0,0,0,0,0,0,0,0,1,0,0,0,0,0,0,0,0,0,0,0,0,0,0,0,0
sm6137627,0,0,0,0,0,0,0,0,0,0,0,0,0,0,1,0,0,0,0,0,0,0,0,0,0,0,0,0,0,0
sm6183732,1,0,0,0,0,0,0,0,0,0,0,0,0,0,0,0,0,0,0,1,0,0,0,0,0,0,0,0,0,0
sm6165498,17,2,8,13,4,1,0,3,0,0,1,0,0,4,2,4,1,0,4,3,3,0,2,3,2,0,0,4,0,0
sm6235882,0,0,2,0,0,0,0,2,0,0,0,0,0,0,1,0,0,0,0,0,0,0,0,0,0,0,0,0,0,0
sm6440455,1,0,0,0,0,0,0,0,0,0,0,0,0,1,0,1,0,0,0,0,0,0,0,0,0,0,0,1,0,0
sm6448701,1,0,0,1,0,0,0,14,1,1,0,0,0,0,0,0,0,0,1,0,1,0,0,0,0,0,0,0,0,0
sm6601567,4,0,0,0,0,0,0,1,0,0,0,0,0,1,0,1,0,0,0,1,2,0,0,0,0,0,0,3,0,0
sm6627628,12,0,0,0,1,3,0,7,0,0,0,0,0,1,0,2,0,0,1,4,0,0,2,0,0,0,0,3,0,0
sm6677536,0,0,0,0,0,0,0,3,0,0,0,0,0,0,0,0,0,0,1,0,0,0,0,0,0,0,0,1,0,0
sm6723010,24,0,3,3,12,4,0,9,1,1,0,0,0,11,1,5,0,0,9,6,3,5,5,2,0,0,1,5,0,1
sm6727398,4,0,0,1,0,1,0,0,0,0,0,0,0,2,0,0,1,0,0,0,0,0,0,0,0,0,0,1,0,0
sm6753213,18,0,1,19,0,16,1,3,0,0,3,0,0,1,5,1,1,1,1,2,2,0,0,0,0,0,3,2,0,0
sm6865106,25,0,0,0,1,1,0,9,1,0,0,0,0,1,0,4,0,1,2,1,2,2,0,0,0,1,3,5,1,0
sm6980351,3,0,0,0,1,0,0,0,0,0,0,0,0,0,0,0,0,0,1,0,1,0,0,0,0,0,0,0,1,0
sm6991834,6,0,0,1,0,0,0,30,5,0,0,0,0,0,0,0,0,0,0,0,1,0,6,0,0,1,0,0,0,0
sm7030348,11,0,0,1,1,0,0,23,0,0,0,0,0,1,2,0,0,0,0,1,0,1,1,0,0,0,0,0,0,0
sm7000665,7,0,0,0,0,1,0,1,0,0,0,0,0,0,1,0,2,0,0,3,1,0,2,0,0,1,0,1,0,0
sm7078981,15,0,0,4,0,0,0,28,3,0,0,0,1,1,2,6,3,0,0,1,1,1,8,0,0,0,3,2,0,0
sm7093221,4,1,0,0,0,0,0,0,0,0,0,0,0,0,0,0,0,0,0,1,0,0,0,0,0,0,0,1,0,0
sm7224643,5,0,0,0,0,2,0,0,0,0,0,0,0,1,1,1,0,0,0,0,1,0,2,0,0,0,0,3,0,2
sm7215797,14,0,1,0,0,0,0,0,0,0,1,4,0,5,0,2,11,0,4,1,0,2,0,0,5,0,0,2,0,0
sm7354057,3,0,0,0,0,0,0,0,0,0,0,0,0,1,1,1,0,0,0,0,0,0,0,0,0,0,0,0,0,0
sm7232278,6,0,1,0,0,0,0,0,0,0,0,2,0,1,0,3,0,0,1,0,0,0,0,0,1,1,0,0,0,0
sm7382586,1,0,0,2,0,0,0,3,0,0,0,0,0,1,0,2,0,1,0,0,0,0,2,1,0,0,0,0,0,0
sm7400854,3,0,0,0,0,0,0,0,0,0,0,0,0,0,0,0,0,0,0,0,0,0,0,0,0,0,1,0,0,0
sm7400945,0,0,0,0,0,0,0,1,0,0,0,1,0,2,2,0,0,0,0,0,0,1,0,0,0,0,0,1,0,0
sm7402532,9,0,0,0,0,5,1,1,0,0,0,0,0,4,2,0,0,3,2,0,0,1,1,0,0,0,0,0,0,0
sm7476730,4,0,0,0,0,0,0,0,0,0,0,0,0,2,0,0,0,0,0,0,0,0,0,0,0,0,0,2,0,0
sm7504739,3,0,0,0,0,3,0,0,0,0,0,0,0,1,0,0,0,0,0,0,0,1,0,0,0,0,0,1,0,0
sm7527985,12,0,0,0,0,0,0,3,0,0,0,0,0,3,0,0,1,0,0,3,0,0,3,1,0,0,3,3,0,0
sm7597329,17,0,3,5,0,0,0,37,0,0,0,3,0,4,2,15,0,0,2,1,1,1,5,0,3,1,0,3,0,1
sm7550182,21,0,0,7,1,4,0,21,0,5,1,9,1,8,0,12,1,1,0,1,0,2,10,0,31,0,0,4,0,0
sm7598217,13,0,1,2,1,0,0,28,5,0,0,0,0,3,0,1,0,0,0,1,0,0,10,0,0,0,0,3,0,0
sm7612037,6,0,1,0,0,0,0,0,1,0,1,0,0,0,0,0,0,0,2,0,0,0,0,0,0,0,1,1,0,0
sm7681611,3,0,0,0,0,0,0,0,0,0,0,0,0,1,1,0,0,0,0,0,1,0,0,0,0,1,0,1,0,0
sm7686320,12,0,0,0,0,6,0,1,0,0,2,1,0,2,0,0,0,0,0,0,2,1,0,0,1,0,0,1,0,4
sm7778065,5,0,0,0,0,0,0,0,0,0,0,0,0,0,0,0,0,0,0,0,0,0,0,0,0,0,0,1,0,0
sm7792239,7,0,0,0,0,0,0,0,0,0,0,0,2,4,0,1,3,1,0,0,0,0,0,0,0,1,1,4,0,0
sm7807845,1,0,0,0,0,0,0,0,0,0,0,0,0,0,0,0,0,0,0,0,0,0,0,0,0,0,0,0,0,0
sm7811586,3,0,0,0,0,0,0,0,0,0,0,0,0,0,0,0,2,0,0,1,0,2,0,0,0,0,0,2,0,0
sm7878515,6,0,0,1,0,8,0,0,0,1,0,0,0,5,0,0,0,0,1,0,0,3,0,1,0,0,0,0,0,1
sm7879207,7,1,1,0,0,1,1,38,2,1,0,0,1,0,0,0,0,0,2,0,0,0,7,2,0,0,0,1,0,1
sm7891168,2,0,0,1,0,6,0,0,0,0,0,0,0,0,0,0,0,0,0,0,0,1,0,0,0,0,0,0,0,0
sm7882150,50,1,5,9,0,37,4,6,2,1,2,0,0,9,3,14,9,1,7,3,6,1,9,2,1,3,2,6,4,1
sm7897854,8,1,2,1,0,9,0,1,0,0,0,0,0,1,2,2,1,2,1,0,2,0,0,0,0,0,0,1,0,0
sm7992704,31,4,3,8,3,20,1,5,1,1,0,0,3,10,3,6,1,1,5,4,2,1,1,0,0,2,5,15,5,1
sm8061167,1,0,0,0,0,0,0,0,0,0,0,0,0,3,0,0,0,0,0,0,0,0,0,0,0,0,0,1,0,0
sm8091446,8,0,0,1,0,5,1,0,0,0,1,0,1,2,0,0,0,0,3,1,2,0,0,0,0,0,0,0,0,0
sm8098660,0,0,0,0,0,1,0,0,0,0,1,0,0,0,0,1,0,0,0,0,0,0,0,0,0,0,1,0,0,0
sm8119054,2,2,0,2,0,4,0,1,0,0,0,0,0,1,2,0,0,0,0,0,0,0,0,0,0,0,0,2,0,0
sm8121199,0,0,0,0,0,0,0,0,0,0,0,0,0,0,0,0,0,0,0,0,0,0,0,1,0,0,0,0,0,0
sm8163888,2,0,0,0,0,0,0,0,0,0,0,0,0,0,0,0,0,0,0,0,0,0,0,0,0,0,0,0,0,1
sm8194738,3,0,0,0,0,4,0,0,0,0,0,0,0,0,3,0,0,0,0,1,0,0,0,0,0,0,0,1,0,0
sm8251494,4,0,0,1,0,0,0,1,1,0,0,0,0,3,0,0,0,0,0,0,0,0,0,0,0,0,0,2,0,0
sm8265929,8,0,0,0,0,0,0,1,0,0,0,0,0,1,0,0,0,0,0,0,1,0,0,0,0,0,0,2,0,0
sm8326494,13,0,0,1,0,1,0,0,0,1,1,1,0,2,0,0,0,0,2,0,0,0,0,0,0,0,0,0,0,1
sm8412978,13,1,0,0,3,5,0,0,1,0,1,1,0,1,0,8,1,0,2,4,0,0,1,0,0,0,2,1,0,0
sm8414715,37,1,0,0,4,5,0,0,0,0,0,0,0,4,0,3,1,0,3,2,0,0,0,0,0,0,0,1,1,0
sm8432098,8,0,0,0,0,0,0,1,0,0,0,0,0,0,0,1,1,0,0,0,0,1,0,0,0,0,0,0,0,0
sm8468717,15,0,0,0,0,0,0,10,1,0,0,0,1,2,0,3,0,0,0,0,2,0,5,0,0,0,0,0,0,0
sm8529991,1,0,1,1,0,0,0,0,0,0,0,5,0,0,1,0,0,0,0,0,0,0,0,0,0,0,0,1,0,0
sm8614063,2,0,0,1,0,3,0,0,0,0,0,0,0,0,0,0,0,0,0,0,0,0,0,0,0,0,0,1,0,0
sm8619149,2,0,0,0,0,0,0,20,2,0,0,0,0,2,0,0,0,3,0,1,0,0,5,0,0,0,0,0,0,0
sm8661117,3,0,0,0,0,0,0,0,0,0,0,0,0,0,0,1,0,0,0,0,0,0,0,0,0,0,0,1,0,0
sm8670561,2,0,0,0,0,0,0,19,0,0,0,0,0,0,0,1,0,1,1,0,1,0,2,0,0,0,0,0,0,0
sm8696152,6,0,0,2,0,3,0,0,0,0,1,0,0,2,0,0,0,0,0,0,0,1,1,0,0,0,0,1,0,0
sm8700898,1,0,0,0,0,0,0,2,1,0,0,0,1,0,0,3,0,0,0,0,2,0,0,0,0,0,0,3,0,0
sm8707393,3,0,0,0,0,0,0,12,1,0,0,0,0,2,0,0,0,0,0,0,0,0,2,0,0,0,0,0,0,0
sm8738313,20,1,8,0,0,0,0,4,2,0,0,0,0,1,6,0,0,0,0,5,0,0,3,3,0,0,0,3,0,4
sm8712532,14,0,1,1,0,1,0,3,0,0,0,0,0,4,1,1,0,0,0,2,0,0,0,1,0,0,0,1,0,0
sm8754973,1,0,0,0,0,0,0,0,0,0,0,0,0,0,0,0,0,0,0,0,0,0,0,0,0,0,0,0,0,0
sm8755465,4,0,0,0,0,0,0,3,0,0,0,0,0,4,1,1,0,1,0,1,0,0,1,0,0,0,0,0,0,0
sm8796407,3,0,1,0,0,1,0,0,0,0,0,0,0,2,2,1,1,0,1,0,0,0,0,0,0,0,0,2,0,2
sm8906830,3,3,0,2,0,0,0,3,1,0,0,0,0,0,1,0,0,0,0,0,0,0,0,0,0,0,0,2,0,2
sm8933166,58,0,4,17,2,5,0,130,5,0,0,3,2,40,5,5,0,0,3,3,2,6,35,1,0,0,0,6,0,1
sm8937853,0,0,0,0,0,1,0,0,0,1,0,0,0,0,0,0,0,0,0,0,0,0,0,0,0,0,0,0,0,0
sm8976018,4,0,0,0,0,0,0,2,0,0,0,0,0,3,0,0,0,0,0,0,1,0,1,0,0,0,0,0,0,0
sm9022413,1,0,1,0,1,0,0,1,0,0,0,0,0,3,0,2,0,0,1,0,0,1,1,0,0,0,0,1,6,0
sm9024627,1,0,0,0,0,0,0,0,0,0,0,0,0,0,0,1,0,0,0,0,0,0,0,0,0,0,0,0,0,0
sm9093103,7,0,0,0,0,1,0,1,0,0,1,0,1,9,5,0,1,1,3,1,1,6,0,0,0,0,0,3,0,0
sm9093561,4,0,0,0,0,13,0,0,0,0,0,0,0,0,0,1,0,0,0,0,1,0,0,0,0,0,0,1,0,0
sm9100218,5,4,0,1,2,0,0,15,2,0,0,0,0,0,0,0,1,0,0,1,0,0,2,0,0,0,0,1,0,2
sm9128830,2,0,0,0,0,2,0,0,0,0,0,0,0,0,0,1,1,0,0,0,0,0,0,0,0,0,1,2,0,0
sm9154541,7,0,0,0,0,4,0,0,0,0,0,0,0,1,0,1,0,0,0,0,2,0,0,0,0,0,0,0,0,0
sm9168029,0,0,0,0,0,0,0,7,0,0,0,0,0,1,0,0,0,0,0,0,0,1,0,0,0,0,1,0,0,0
sm9174236,2,0,0,0,0,0,0,0,0,0,0,0,0,1,0,2,0,0,1,0,0,0,0,0,0,0,0,0,0,0
sm9213450,4,0,0,0,0,0,0,0,0,0,0,0,0,1,0,1,0,0,0,0,0,0,0,0,0,0,0,1,0,1
sm9218213,8,1,0,1,0,11,2,5,0,0,1,0,1,4,2,0,0,0,2,1,1,3,5,0,0,0,0,4,0,0
sm9228896,1,0,0,0,0,12,0,0,0,0,0,0,0,2,0,0,1,0,2,1,1,1,0,0,0,0,2,0,0,0
sm9292554,1,0,0,0,0,2,0,0,0,0,0,0,0,0,0,0,0,0,0,0,0,0,0,0,0,0,0,0,1,0
sm9301676,56,0,2,10,2,47,0,6,0,0,4,0,1,9,7,4,0,2,3,7,3,1,0,0,0,0,1,12,0,3
sm9409012,7,0,0,0,1,0,0,6,0,1,2,0,0,1,0,0,0,0,0,1,0,0,0,0,0,0,1,0,0,0
sm9439204,6,0,0,0,0,0,0,0,0,0,0,0,0,1,0,0,0,0,0,0,1,0,0,0,0,0,0,0,0,0
sm9537937,2,0,0,0,0,0,0,15,0,0,0,0,0,1,0,0,0,0,0,0,0,0,5,0,0,0,0,0,0,0
sm9538407,0,0,0,0,0,0,0,0,0,0,0,0,0,0,0,0,0,0,0,0,0,0,0,0,0,0,0,0,0,0
sm9682775,1,0,0,0,0,1,0,0,0,0,0,0,0,1,0,1,0,0,0,0,0,1,0,0,0,0,0,0,0,0
sm9708587,0,0,0,0,0,0,0,4,0,0,0,0,0,0,0,0,0,0,1,0,1,0,0,0,0,0,0,0,0,0
sm9731365,1,0,0,0,1,0,0,2,1,0,1,0,0,0,0,0,1,0,0,0,0,0,0,0,0,0,0,0,0,0
sm9764858,2,0,0,2,0,0,0,3,1,0,0,0,0,0,0,0,0,0,0,0,2,0,0,0,0,0,0,1,0,0
sm9794134,2,0,0,0,0,0,0,0,0,0,0,0,1,1,0,1,0,0,1,1,0,0,1,0,0,0,1,0,0,0
sm9797544,8,0,0,0,0,0,0,0,0,0,0,0,0,1,0,0,1,0,2,2,0,0,0,1,0,0,0,2,0,0
sm9829617,30,1,0,3,0,0,0,38,4,0,2,0,0,9,4,2,2,2,2,4,1,1,10,0,0,1,1,4,3,0
sm9854305,2,0,0,0,0,6,0,0,0,0,0,0,0,0,0,0,0,0,0,0,0,0,0,0,0,0,0,0,0,1
sm9874221,2,0,0,0,1,4,0,0,0,1,0,0,0,2,0,0,0,0,2,1,0,0,0,0,0,0,0,0,0,0
sm9893696,13,0,1,0,3,0,0,27,0,0,0,0,0,0,0,0,1,0,3,0,0,0,0,0,0,0,0,1,0,0
sm9931198,6,0,0,0,0,0,0,3,0,0,0,0,0,0,0,0,0,0,0,0,0,0,0,0,0,0,0,0,0,0
sm9981341,4,0,0,0,0,2,0,1,0,0,0,0,0,0,1,0,0,1,0,0,0,1,0,0,0,0,1,2,0,0
