動画ID,ccc,gumi,wktk,wr,www,yyy,いい,いいね,ええ,かっこいい,かわいい,きた,ここ,これ,さん,すごい,ない,やばい,ダイヤ,ハート,ミク,リン,レン,中毒,乖離,可愛い,大好き,好き,愛愛愛,最高
nm10674682,542,0,0,0,4,0,5,0,0,0,16,0,0,16,0,0,4,0,0,2,1,1,0,1,0,6,0,0,0,0
nm12177206,0,0,26,1,2,11,8,0,2,0,39,9,0,5,2,0,0,0,12,0,0,0,7,2,0,4,6,3,0,0
nm13287759,0,0,0,0,0,0,11,2,0,6,1,0,0,10,13,10,1,5,0,0,2,0,0,1,0,0,1,7,0,1
sm10027079,0,0,0,0,1,0,0,0,0,0,0,0,0,1,0,0,0,1,0,0,1,0,0,0,0,0,0,0,0,0
sm10038694,0,0,0,0,0,0,7,3,2,0,17,1,0,3,0,3,0,5,0,1,1,0,0,0,0,2,2,0,0,0
sm10037227,0,0,0,0,0,0,11,3,4,32,0,2,7,4,4,1,2,1,0,0,0,0,0,0,0,0,5,5,0,3
sm10066433,0,0,0,0,0,0,5,2,0,0,1,0,1,1,1,0,0,1,0,0,0,0,5,0,0,0,0,0,0,1
sm10175368,0,0,0,0,0,0,2,1,0,0,1,0,0,1,1,1,1,0,0,0,1,0,0,0,0,0,0,0,0,0
sm10219141,0,0,0,0,0,0,8,1,0,3,1,0,0,4,0,3,0,0,0,0,1,0,0,0,0,0,1,1,0,0
sm10385393,0,0,36,0,3,0,10,5,9,16,1,3,0,3,3,2,0,3,0,0,0,1,5,2,0,0,2,2,0,0
sm10242501,0,0,0,0,1,0,20,5,1,10,0,0,0,6,2,2,1,2,0,0,0,0,1,1,0,0,0,5,0,0
sm10393864,0,26,0,0,3,0,45,5,0,1,13,1,8,7,4,2,8,3,0,0,0,0,0,1,0,13,17,17,0,11
sm10443985,0,0,1,0,7,0,2,1,8,0,2,0,0,2,2,3,2,0,0,0,2,0,0,0,0,1,0,0,0,0
sm10445286,0,0,0,0,0,0,1,0,0,5,0,0,0,1,0,2,0,0,0,0,0,0,5,0,0,0,0,0,0,1
sm10446457,0,0,13,0,0,0,23,3,7,0,133,14,1,9,12,0,2,0,0,26,0,41,1,4,0,34,16,6,0,1
sm10446708,0,0,3,0,0,0,12,3,0,5,0,0,0,3,7,2,1,0,0,0,0,8,0,0,0,1,5,2,0,1
sm10453745,0,0,3,0,1,0,1,0,0,2,5,5,0,3,0,1,0,0,0,0,0,3,0,0,0,1,0,5,0,1
sm10533832,0,0,103,0,18,87,58,13,7,14,5,37,9,62,22,16,7,21,0,0,4,0,0,156,0,0,70,51,0,24
sm10543519,0,0,0,0,8,0,12,5,2,1,3,1,6,9,1,8,1,0,0,0,0,0,0,0,0,0,1,0,0,1
sm10565041,0,0,0,0,0,0,2,0,0,1,0,0,0,2,0,0,0,1,0,0,0,0,0,0,0,0,0,0,0,0
sm10628168,0,2,0,0,0,0,1,0,0,5,0,0,0,0,2,2,0,1,0,0,0,0,0,0,0,0,1,0,0,3
sm10626762,0,0,0,0,0,0,2,0,0,0,0,0,0,0,1,0,0,0,0,0,0,0,0,0,0,0,0,0,0,0
sm10632158,0,0,0,0,0,0,0,0,0,0,0,0,0,0,0,0,0,0,0,0,0,0,0,0,0,0,0,0,0,0
sm10659443,0,0,0,0,0,0,3,0,0,0,0,0,0,0,0,2,0,0,0,0,0,0,0,0,0,0,0,0,0,0
sm10820620,0,13,0,0,0,0,19,5,1,1,3,0,2,5,6,1,1,1,0,0,0,0,0,0,0,2,2,2,0,4
sm10713103,0,0,0,0,3,0,25,3,3,0,66,0,1,6,11,4,22,1,0,1,0,0,0,0,0,13,1,9,0,4
sm10868543,0,0,0,0,1,0,13,5,0,0,3,0,1,4,2,0,0,0,0,0,0,0,0,0,0,1,0,1,0,0
sm10971662,0,0,11,0,2,0,0,0,0,0,0,1,0,0,0,0,0,0,0,0,0,0,0,0,0,0,0,2,0,0
sm10907267,0,0,0,0,0,0,1,1,0,1,0,0,0,0,0,1,0,0,0,0,0,0,0,0,0,0,0,0,0,0
sm10975244,0,0,0,0,0,0,1,0,0,0,2,0,1,1,2,0,0,0,0,17,0,0,0,0,0,0,0,0,0,0
sm11049254,0,0,1,0,0,0,5,0,0,0,11,0,0,1,0,0,0,0,0,0,0,0,0,0,0,0,0,0,0,0
sm11080597,0,0,0,0,0,0,6,1,0,0,0,0,0,2,1,0,0,0,0,0,0,0,0,0,0,0,0,1,0,0
sm11139657,0,0,14,0,2,0,14,2,0,6,0,0,0,2,0,5,0,1,0,0,1,0,0,0,0,0,0,2,0,0
sm11086161,0,0,41,0,4,0,14,3,1,30,3,14,2,4,8,0,8,3,0,0,0,0,0,0,0,1,4,5,0,1
sm11151641,0,0,0,0,0,0,1,0,1,0,0,0,0,0,0,0,0,0,0,0,0,0,0,0,0,0,0,0,0,1
sm11146117,0,0,7,0,1,0,6,0,0,23,1,6,0,4,1,0,1,0,0,0,0,6,0,0,0,0,7,7,0,4
sm11165729,0,0,27,0,2,0,8,0,1,4,3,0,0,0,0,1,0,0,0,0,1,0,0,0,0,0,1,3,0,1
sm11183729,0,1,0,0,0,0,3,0,0,2,3,0,1,0,0,1,0,0,0,0,0,0,0,0,0,0,0,0,0,0
sm11237572,0,15,0,0,5,0,31,3,1,51,15,0,3,7,8,4,0,3,0,0,0,0,0,1,0,2,5,1,0,5
sm11240351,0,0,0,0,0,0,4,1,0,0,25,0,0,3,0,0,0,0,0,1,0,0,0,0,0,3,0,1,0,0
sm11244099,0,0,0,0,0,0,0,0,0,0,0,1,0,0,2,1,0,1,0,0,0,0,0,0,0,0,0,0,0,0
sm11252628,0,0,0,0,0,0,8,0,0,3,0,0,1,1,0,0,0,0,0,0,0,0,0,0,0,0,1,0,0,0
sm11270299,0,0,0,0,0,0,5,2,0,0,0,0,0,1,0,0,0,0,0,0,0,0,0,0,0,0,0,0,0,0
sm11294837,0,0,2,0,0,0,0,1,0,0,0,0,0,0,0,0,0,0,0,0,0,0,0,0,0,0,0,0,0,0
sm11325190,0,0,0,0,4,0,24,3,3,0,61,0,2,15,2,4,7,4,0,7,0,51,0,2,0,23,3,5,0,3
sm11398259,0,0,0,0,0,0,3,1,0,0,1,0,1,2,0,0,1,0,0,0,3,0,0,0,0,1,0,0,0,0
sm11398357,0,54,0,0,41,0,31,4,7,77,4,17,10,23,9,3,5,8,0,1,1,0,0,2,0,3,22,31,0,18
sm11407152,0,0,3,0,0,0,3,0,0,0,0,1,0,5,1,2,0,1,0,0,0,0,0,0,0,0,0,3,0,0
sm11409063,0,0,0,0,4,0,18,9,0,2,4,1,2,5,12,4,3,0,0,0,1,0,0,1,0,1,6,9,0,2
sm11412217,0,0,0,0,0,0,0,1,0,0,14,0,0,1,0,0,0,0,0,0,0,0,0,0,0,1,0,3,0,0
sm11477181,0,0,8,0,1,0,2,0,0,2,0,1,0,0,6,0,0,0,0,0,0,0,0,1,0,0,3,0,0,1
sm11589161,0,0,2,0,0,0,2,2,0,0,1,0,0,0,0,0,1,0,0,0,0,0,0,0,0,0,0,1,0,0
sm11641089,0,5,0,0,21,0,30,5,2,41,5,2,9,13,3,19,8,10,0,0,0,12,0,7,0,0,3,15,0,7
sm11714132,0,0,150,0,3,0,32,6,1,0,71,52,0,24,92,12,1,1,0,7,1,0,0,2,0,14,25,28,0,7
sm11760748,0,0,0,0,0,0,2,0,1,5,1,0,0,4,0,0,1,1,0,0,0,0,0,0,0,0,0,0,0,1
sm11774439,0,0,0,0,4,0,2,3,0,0,3,2,0,9,1,0,1,1,0,6,2,1,1,0,0,1,0,1,0,0
sm11788815,0,0,0,0,0,0,3,0,0,0,0,0,0,0,0,0,0,0,0,0,0,0,0,0,0,0,0,1,0,0
sm11849610,0,0,2,0,0,0,8,2,1,5,2,7,0,2,7,0,0,0,0,0,0,0,0,0,0,0,3,1,0,0
sm11879325,0,0,132,0,0,0,4,0,1,2,0,11,0,2,2,1,0,4,0,0,0,0,0,9,0,0,2,3,0,1
sm11964950,0,0,0,0,0,0,26,7,2,27,5,1,5,3,2,2,1,1,0,0,0,0,2,0,0,1,1,5,0,1
sm12041264,0,0,0,0,1,0,7,6,1,4,4,2,0,1,2,2,1,1,0,0,0,0,0,0,0,0,0,2,0,3
sm11970630,0,32,0,0,2,0,56,13,7,47,10,4,4,29,3,10,5,9,0,2,1,1,0,31,0,1,6,26,0,9
sm12090023,0,0,0,0,0,0,2,1,0,0,0,0,0,0,0,0,1,0,0,0,0,0,0,0,0,0,0,1,0,0
sm12183265,0,1,0,0,0,0,1,3,0,2,0,0,0,2,2,0,0,1,0,0,0,0,0,0,0,0,0,2,0,0
sm12177762,0,0,34,0,0,0,15,4,0,1,5,4,1,15,2,2,2,3,0,0,1,3,0,1,0,1,6,6,0,8
sm12253877,0,0,1,0,0,0,1,1,0,0,0,0,0,0,0,2,0,0,0,0,0,0,0,0,0,0,0,0,0,0
sm12264707,0,36,154,0,2,0,41,31,0,16,1,12,1,26,23,3,16,3,768,1,0,0,0,13,0,1,26,31,0,5
sm12339479,0,0,2,0,0,0,3,1,0,5,0,0,1,1,0,3,0,0,0,0,0,0,0,0,0,0,0,1,0,0
sm12347529,0,0,67,0,0,0,9,4,0,0,18,1,0,2,3,0,0,0,0,0,5,0,0,2,0,2,0,3,0,0
sm12355109,0,0,0,0,1,0,4,2,2,1,1,0,0,9,1,3,2,1,0,0,0,0,0,0,0,0,0,0,0,1
sm12365006,0,0,0,0,1,0,8,2,0,0,10,1,0,3,3,0,1,0,0,0,1,0,0,0,0,1,0,2,0,0
sm12412526,0,0,12,0,1,0,5,0,0,0,5,0,0,1,0,1,1,1,0,23,0,9,0,0,0,0,0,0,0,1
sm12377743,0,1,0,0,0,0,0,1,1,3,0,0,0,1,0,1,0,0,0,0,0,1,0,0,0,4,0,1,0,0
sm12396792,0,9,0,0,2,0,20,4,1,28,5,3,11,13,11,8,4,6,0,0,0,0,0,4,0,1,3,8,5,2
sm12468990,0,0,0,0,0,0,7,3,0,0,6,0,1,0,1,0,0,0,0,0,0,0,0,0,0,0,0,0,0,0
sm12476122,17,0,0,0,0,0,1,0,0,0,0,0,0,0,0,1,0,0,0,0,1,0,0,0,0,1,0,0,0,0
sm12507705,0,0,0,0,0,0,4,1,0,0,12,0,0,0,0,0,0,0,0,1,2,0,0,0,0,4,0,0,0,0
sm12527072,0,2,0,0,0,0,3,0,0,0,12,0,0,0,1,0,0,0,0,0,0,0,0,0,0,3,0,0,0,1
sm12556756,0,0,7,0,0,0,3,0,0,0,8,1,0,1,7,0,0,0,0,0,0,0,0,0,0,2,2,1,0,1
sm12581573,0,0,7,0,1,0,2,0,0,0,3,0,0,1,0,0,0,0,0,0,0,0,0,0,0,1,0,0,0,0
sm12549171,0,34,1,0,1,0,51,32,6,94,3,3,6,14,9,3,3,5,0,0,1,3,0,4,0,1,8,12,0,6
sm12588223,0,0,0,0,0,0,5,2,0,0,0,0,0,1,0,0,0,1,0,0,0,0,0,0,0,0,1,2,0,0
sm12616812,0,2,0,0,0,0,7,3,0,0,1,0,0,1,0,0,0,0,0,0,0,0,0,0,0,0,0,0,0,1
sm12645546,0,0,0,0,0,0,20,8,0,1,2,0,4,3,1,1,0,2,0,0,0,0,1,0,0,1,0,6,0,0
sm12647084,0,0,0,0,0,0,13,4,1,7,2,0,1,2,0,2,0,2,0,0,0,0,0,2,0,0,0,6,0,0
sm12595936,0,0,108,0,3,0,16,8,1,23,0,47,2,30,30,2,5,7,0,0,1,0,0,37,0,0,17,18,1,3
sm12648576,0,0,0,0,0,0,2,0,0,2,2,0,0,3,1,1,0,1,0,0,0,0,0,0,0,0,0,1,0,0
sm12671927,0,0,2,0,0,0,11,3,0,0,2,0,0,1,0,0,0,0,0,0,0,0,0,0,0,3,0,1,0,1
sm12718205,0,0,0,0,0,0,6,4,0,0,11,0,6,0,0,0,1,2,0,0,0,0,0,0,0,2,0,0,0,0
sm12835874,0,0,2,0,0,0,0,1,0,0,2,0,0,0,0,0,0,0,0,0,1,0,0,0,0,0,0,0,0,0
sm12757490,0,0,0,0,7,0,47,2,7,0,127,3,3,23,7,4,5,0,0,9,0,1223,0,9,0,25,2,1,0,4
sm12875825,0,0,0,0,0,0,1,0,1,0,0,0,1,1,3,2,0,0,0,0,0,0,0,0,0,0,1,1,0,0
sm12864126,0,0,2,0,1,0,12,4,2,25,15,3,4,20,15,11,7,3,0,0,1,0,0,0,0,5,2,0,0,3
sm12888483,0,0,0,0,0,0,2,0,0,2,0,0,0,0,0,0,1,0,0,0,0,0,1,0,0,0,0,1,0,0
sm12894209,0,52,8,0,25,0,15,15,6,36,13,7,2,18,12,0,5,8,42,68,1,0,0,8,0,6,12,22,0,18
sm12929188,0,0,2,0,0,0,1,0,0,1,0,0,0,0,0,0,0,0,0,0,0,0,0,0,0,0,0,0,0,0
sm12967128,0,0,0,0,0,0,0,1,0,2,0,0,1,0,0,0,0,1,0,0,0,0,0,0,0,0,1,1,0,0
sm12957824,0,0,0,0,19,0,19,3,3,0,92,1,1,5,6,0,1,3,0,0,0,0,0,0,0,12,2,0,0,1
sm12981881,0,0,0,0,0,0,4,3,1,1,1,0,0,2,0,2,0,3,0,0,0,0,0,0,0,1,0,1,0,0
sm12990765,0,0,0,0,0,0,5,4,0,4,1,0,3,4,8,1,2,0,0,0,0,0,0,0,0,0,0,3,0,0
sm13087456,0,0,0,0,0,0,4,3,5,5,1,0,1,3,2,2,1,7,0,0,2,0,0,0,0,0,0,2,0,0
sm13101737,0,0,1,0,0,0,1,0,0,3,0,0,1,1,0,1,0,1,0,0,0,0,0,0,0,0,0,1,0,0
sm13121567,0,0,0,0,0,0,3,0,0,0,6,0,0,0,0,1,0,0,0,0,0,0,0,0,0,2,0,0,0,0
sm13124416,0,0,0,0,0,0,1,0,0,0,2,0,0,0,0,0,0,0,0,0,0,0,0,0,0,0,0,0,0,0
sm13207406,0,0,0,0,0,0,6,1,1,1,0,0,0,0,1,0,0,0,0,0,0,0,0,0,0,0,0,0,0,0
sm13269029,0,0,0,0,0,0,7,2,1,5,0,0,5,1,0,1,0,0,0,0,0,0,0,0,0,0,2,2,0,1
sm13283978,0,0,0,0,1,0,3,1,0,3,0,0,0,0,0,0,0,0,0,0,0,0,0,0,0,0,0,0,0,0
sm13304052,0,18,0,0,3,0,36,5,1,0,59,0,3,0,0,3,5,2,0,2,0,0,0,1,0,27,7,22,0,1
sm13306896,0,0,0,0,5,1,80,18,4,5,68,1,14,26,18,23,9,11,0,1,7,0,0,9,0,16,9,27,0,12
sm13355870,0,0,0,0,0,0,0,0,0,0,0,0,0,0,2,0,0,0,0,0,0,0,0,0,0,0,0,0,0,1
sm13361994,0,0,0,12,9,92,35,6,6,13,69,2,5,10,7,5,11,10,0,2,2,104,94,0,0,61,23,20,0,32
sm13523086,0,0,0,0,0,0,1,0,0,0,1,0,0,0,0,0,0,0,0,0,0,4,0,0,0,0,0,0,0,0
sm13539726,0,0,0,0,0,0,1,4,1,11,1,0,0,0,1,0,1,1,0,0,0,6,6,1,0,0,1,0,0,0
sm13611637,0,0,1,0,0,0,0,1,0,3,0,0,0,1,0,0,0,0,0,0,0,0,0,0,0,0,0,0,0,0
sm13660306,0,0,0,0,0,0,5,1,0,0,0,0,0,0,0,0,0,0,0,0,0,0,0,0,0,0,0,0,0,0
sm13667717,0,12,5,0,2,0,15,12,0,25,2,1,3,7,3,1,0,0,0,0,0,1,0,5,0,1,2,2,662,4
sm13688764,0,0,5,0,0,0,0,0,0,0,11,0,0,0,0,0,0,0,0,0,1,0,0,0,0,3,0,0,0,0
sm13743929,0,0,0,0,0,0,11,8,0,6,6,0,0,5,1,3,1,0,0,0,4,9,0,0,0,1,0,4,0,1
sm13828417,0,0,0,0,0,0,1,0,0,1,4,0,0,3,0,1,0,0,0,0,0,1,0,0,0,1,0,0,0,0
sm13877207,0,0,0,0,0,0,4,0,0,0,2,0,0,0,0,0,0,0,0,0,0,0,0,0,0,1,1,1,0,0
sm13906236,0,0,0,0,0,0,0,1,1,2,2,0,0,3,0,0,0,1,0,0,0,0,0,0,0,1,0,0,0,1
sm13933448,0,2,9,0,0,0,1,1,0,0,0,0,0,1,0,0,2,0,0,0,0,0,0,0,0,0,0,0,0,0
sm13975932,0,0,0,0,0,0,1,0,0,0,0,0,0,0,0,1,0,0,0,0,0,0,0,0,0,0,0,2,0,0
sm13984259,0,0,0,0,0,0,3,2,0,6,0,0,0,2,0,2,0,6,0,0,0,0,5,1,0,0,1,1,0,0
sm13988881,0,0,43,0,0,0,7,1,0,0,14,1,0,0,0,0,0,0,0,0,0,0,0,0,0,1,0,0,0,0
sm13991340,0,0,111,0,0,0,12,6,0,0,1,0,0,3,2,0,1,0,0,2,0,0,0,0,0,1,1,4,0,0
sm14011063,0,0,0,0,0,0,4,1,0,0,4,0,0,0,1,3,19,0,0,0,0,0,0,0,0,1,0,0,0,0
sm14023769,0,0,1,0,1,0,1,0,0,0,6,0,0,1,0,0,0,0,0,0,0,0,0,0,0,0,0,0,0,0
sm14019085,0,0,0,0,1,0,11,2,0,2,1,0,1,0,0,2,0,0,0,0,5,0,0,1,0,0,0,3,0,0
sm14026396,0,0,4,0,1,0,2,0,0,0,3,0,0,0,0,0,0,0,0,0,0,0,0,0,0,0,0,0,0,0
sm14162938,0,4,0,0,0,0,1,2,0,0,6,0,0,0,0,0,0,0,0,0,0,0,0,0,0,4,0,0,0,0
sm14129888,0,0,0,0,0,0,11,1,0,2,0,0,6,0,0,0,1,0,0,0,0,0,0,0,0,0,0,1,0,0
sm14188383,0,0,0,0,0,0,5,3,0,5,0,0,1,1,0,0,0,0,0,0,0,0,0,0,0,0,0,3,0,0
sm14178212,0,0,0,0,0,0,3,0,0,0,1,0,3,0,0,0,0,0,0,0,0,0,0,0,0,0,0,1,0,0
sm1418287,0,0,4,0,0,0,4,0,7,0,1,2,0,31,0,17,2,0,0,0,9,0,0,0,0,0,0,2,0,1
sm14270346,0,22,16,0,2,0,18,7,0,28,3,2,1,4,1,2,0,7,0,0,0,1,0,0,0,0,1,2,0,0
sm14300255,0,0,0,0,0,0,2,0,0,0,4,0,1,0,0,0,0,0,0,0,0,0,0,0,0,0,0,2,0,0
sm14274692,0,3,1,0,0,0,2,0,4,2,0,2,2,5,4,1,1,1,0,0,1,0,0,3,0,0,1,4,0,2
sm14367556,0,0,0,0,0,0,2,0,0,0,0,0,0,0,0,1,0,0,0,0,0,0,0,0,0,0,0,2,0,0
sm14340959,0,0,0,0,0,0,1,0,0,0,6,0,0,0,0,0,0,0,0,0,1,0,0,0,0,4,0,0,0,1
sm14407430,0,1,43,0,0,0,5,1,0,6,0,0,1,1,0,4,0,1,0,0,0,0,0,0,0,0,0,1,0,0
sm14503375,0,0,0,0,0,0,1,0,1,0,0,0,0,0,1,0,0,0,0,0,0,0,0,0,0,0,0,0,0,0
sm14535451,0,0,59,0,8,0,28,17,2,1,128,2,0,23,4,18,0,3,0,0,3,0,0,10,0,14,3,9,0,0
sm1459286,0,0,0,0,2,0,0,0,0,0,2,0,0,1,0,0,0,0,0,0,3,0,0,0,0,0,0,0,0,0
sm14605161,0,0,8,0,1,0,3,0,0,0,0,0,0,1,1,1,0,0,0,0,0,0,0,0,0,0,0,0,0,0
sm14606732,0,0,0,0,95,0,9,5,1,8,14,1,4,26,18,5,0,3,0,0,43,0,0,6,0,1,3,5,0,3
sm14619871,0,4,0,0,0,0,3,3,0,2,0,0,0,1,0,0,0,0,0,0,0,0,0,0,0,1,0,1,0,0
sm14637044,0,0,0,0,1,0,0,0,0,0,0,0,2,0,0,0,0,0,0,0,0,0,0,0,0,0,0,1,0,0
sm14639128,0,0,0,0,1,0,8,0,0,0,9,1,1,3,3,1,0,0,0,0,0,0,1,0,0,1,1,2,0,1
sm14639413,0,0,0,0,2,0,11,7,2,0,47,1,0,1,1,0,11,1,0,1,0,0,1,0,0,9,0,3,0,1
sm14657185,0,0,0,0,0,0,3,0,3,0,0,1,1,1,0,0,0,0,0,0,1,0,0,0,0,1,0,0,0,1
sm14641461,0,0,1,0,1,0,18,15,6,14,9,2,3,10,1,7,1,1,0,0,0,1,0,0,0,3,1,7,0,2
sm14662292,0,0,1,0,0,0,3,0,0,2,0,1,0,3,0,4,0,0,0,0,0,0,0,1,0,0,0,1,0,0
sm14679230,0,0,0,0,0,0,5,5,2,0,26,0,1,1,6,1,1,1,0,0,0,0,0,0,0,2,3,2,0,1
sm14700702,0,0,0,0,0,0,5,4,0,0,3,0,0,3,0,0,0,0,0,0,2,0,0,0,0,1,0,1,0,0
sm14704133,0,0,0,0,1,0,6,1,1,1,7,0,0,10,0,1,2,1,0,0,0,0,0,4,0,1,0,1,0,1
sm14742092,0,0,0,0,0,0,2,0,0,0,11,0,0,4,1,1,0,0,0,0,0,0,0,0,0,0,0,1,0,0
sm14731596,0,0,0,0,0,0,2,0,2,0,7,0,0,0,0,0,0,0,0,0,0,0,0,0,0,2,0,1,0,0
sm14760181,0,1,0,0,0,0,14,3,0,6,0,0,0,1,5,4,2,3,0,0,1,0,1,0,0,0,3,3,0,0
sm14820593,0,0,0,0,0,0,6,1,0,0,1,1,0,2,0,1,0,0,0,0,0,0,0,0,0,0,0,0,0,0
sm14829786,0,1,1,0,1,0,6,0,0,0,4,0,0,0,0,2,0,0,0,0,0,0,0,0,0,1,0,0,0,0
sm14849770,0,0,0,0,0,0,0,0,0,3,0,0,0,2,0,0,0,1,0,0,0,0,0,0,0,0,1,2,0,2
sm14891347,0,2,0,0,0,0,1,0,0,1,0,0,0,0,0,1,0,0,0,0,0,0,0,0,0,0,0,0,0,1
sm14864051,0,0,0,0,0,0,13,2,1,0,3,1,0,1,0,2,1,1,0,0,1,0,0,0,0,1,0,2,0,1
sm14904005,0,0,0,0,0,0,7,2,0,3,0,0,0,4,0,0,0,0,0,0,0,0,0,0,0,0,0,0,0,0
sm14926860,0,0,355,676,23,4060,18,4,8,19,4,14,3,28,46,2,5,5,0,148,1,2,96,6,0,2,27,23,0,11
sm14945102,0,0,0,0,0,0,1,0,0,0,4,0,1,0,0,0,0,0,0,0,0,0,0,0,0,1,0,0,0,0
sm14934781,0,0,2,0,29,0,4,0,1,0,0,0,1,11,1,1,2,3,0,6,5,0,0,3,0,3,1,3,0,0
sm15010446,0,0,0,0,0,0,3,2,1,14,0,0,3,0,2,1,1,0,0,0,0,0,3,0,0,0,0,3,0,0
sm14989713,0,0,9,0,11,0,5,1,2,4,1,0,1,27,0,1,3,5,0,0,0,0,0,0,0,1,5,5,0,3
sm15015175,0,0,0,0,0,0,1,0,0,4,0,0,0,0,0,0,0,1,0,0,0,2,0,0,0,0,0,1,0,0
sm15016420,0,0,24,48,2,258,24,4,10,1,157,9,0,17,3,2,5,11,0,229,0,41,0,0,0,50,20,24,0,22
sm15044727,0,2,0,0,0,0,3,1,0,1,1,0,0,1,0,0,0,0,0,0,0,0,0,0,0,0,0,0,0,0
sm15022913,0,0,0,0,25,0,14,3,1,0,8,15,19,18,41,10,6,9,0,2,18,0,0,2,0,32,19,23,0,26
sm15032299,0,0,0,0,0,0,14,8,1,0,32,0,7,5,2,3,0,2,0,0,0,2,0,0,0,6,2,5,0,0
sm15054061,0,0,23,0,2,0,6,1,3,29,1,2,0,4,0,1,6,5,0,0,0,2,27,0,0,0,1,2,0,2
sm15090846,0,0,2,0,0,0,6,4,0,1,0,0,1,2,2,1,0,0,0,0,0,0,2,0,0,0,2,0,0,1
sm15099538,0,0,0,0,0,0,2,0,0,0,1,0,0,0,0,0,0,0,0,0,0,1,1,0,0,0,0,1,0,0
sm15101518,0,0,1,0,2,0,2,0,2,0,16,0,0,4,0,0,0,0,0,0,0,4,0,1,0,9,0,0,0,0
sm15107170,0,0,18,0,0,0,3,0,0,5,0,1,0,3,2,0,0,0,0,0,0,0,0,0,0,0,1,0,0,0
sm15147135,0,0,0,0,0,0,2,0,0,6,0,0,0,1,1,2,0,2,0,99,0,0,0,0,0,0,0,0,0,0
sm15189350,0,0,0,0,1,0,6,2,1,0,5,0,2,4,0,3,2,0,0,0,0,0,0,4,0,1,1,6,0,0
sm15207451,0,52,291,0,0,0,16,1,2,0,24,4,1,5,9,1,1,1,0,5,0,0,0,0,0,9,9,4,0,1
sm15242659,0,0,7,0,1,0,1,1,0,0,0,2,0,0,1,0,0,0,0,0,0,0,0,0,0,0,0,0,0,0
sm15230821,0,22,0,0,20,0,20,5,2,8,19,5,10,1,15,5,13,8,0,6,0,0,0,0,0,5,6,14,0,8
sm15279074,0,45,0,0,20,0,44,15,12,0,135,4,9,1,46,1,11,5,0,4,1,1,0,1,0,25,5,7,0,4
sm15289816,0,0,1,0,0,0,0,1,0,1,0,1,0,0,0,0,0,0,0,0,0,1,0,0,0,0,0,0,0,0
sm15318436,0,0,0,0,0,0,2,0,0,2,0,0,1,0,0,0,0,0,0,0,0,0,0,0,0,0,1,0,0,0
sm15308214,0,0,5,0,67,0,20,15,2,12,6,38,10,22,73,1,8,6,0,1,1,19,1,2,0,3,22,22,0,13
sm15350132,0,0,0,0,1,0,1,0,0,0,3,0,0,0,0,0,0,0,0,0,1,0,0,0,0,0,0,0,0,0
sm15354560,0,0,0,0,1,0,2,2,0,0,3,0,0,0,2,0,0,1,0,0,0,0,0,0,0,0,1,0,0,0
sm15361114,0,0,0,0,0,0,4,1,2,2,2,0,1,2,1,0,0,1,0,0,0,3,0,0,0,0,0,1,0,0
sm15428781,0,0,0,0,0,0,3,0,0,0,0,0,0,1,0,0,0,0,0,0,0,0,0,0,0,0,0,0,0,0
sm15430979,0,3,0,0,0,0,5,0,0,0,11,0,0,2,1,0,0,1,0,0,0,0,0,0,0,1,0,0,0,1
sm15448244,0,0,0,0,0,0,2,1,0,6,3,0,0,2,0,0,0,0,0,0,1,0,0,0,0,0,0,0,0,1
sm15470588,0,0,0,0,0,0,0,0,0,0,1,0,0,1,0,0,0,0,0,0,1,0,2,0,0,0,0,0,0,0
sm15474540,0,0,0,0,1,0,2,4,1,0,2,0,0,0,0,3,0,1,0,0,3,2,0,0,0,0,2,0,0,1
sm15493390,0,0,0,0,1,0,0,3,0,0,2,0,0,0,0,1,0,0,0,0,1,0,0,0,0,0,0,0,0,0
sm15522536,0,0,0,0,0,0,1,1,0,0,0,0,0,2,0,1,0,0,0,0,0,0,0,0,0,0,0,0,0,0
sm15522291,0,0,0,0,0,0,5,3,0,4,1,0,0,2,1,1,0,3,0,0,1,0,0,0,0,0,1,2,0,0
sm15531021,0,0,0,0,0,0,4,3,0,0,0,0,0,0,0,1,0,2,0,0,2,0,0,0,0,0,0,0,0,0
sm15533024,0,0,5,0,1,0,0,1,0,7,0,4,0,2,1,0,0,0,0,0,0,0,0,0,0,0,2,2,0,0
sm15553296,0,0,14,0,0,0,8,2,2,16,0,1,0,1,3,3,5,0,0,0,0,1,0,0,0,0,1,2,0,0
sm15568640,0,0,0,0,0,0,7,2,0,0,0,0,0,0,0,0,0,0,0,0,0,0,0,0,0,0,0,0,0,0
sm15572522,0,0,0,0,0,0,7,1,0,1,0,0,0,0,0,0,0,0,0,0,0,0,0,0,0,0,0,0,0,0
sm15652860,0,0,0,0,0,0,7,1,0,2,0,0,1,4,0,4,0,0,0,0,0,0,0,0,0,0,1,1,0,0
sm15583068,0,0,5,0,2,0,3,2,0,1,0,0,0,4,0,3,0,0,0,0,0,0,0,0,0,0,0,0,0,1
sm15676851,0,25,0,0,10,0,40,4,6,9,177,2,12,9,2,4,17,6,0,14,0,0,0,0,0,42,11,17,0,7
sm15686024,0,0,0,0,0,0,4,6,0,0,1,0,2,1,0,1,1,0,0,0,0,0,0,0,0,0,0,1,0,0
sm15686051,0,0,0,0,1,0,0,0,0,0,3,0,0,0,0,0,0,0,0,0,0,0,2,0,0,1,0,0,0,0
sm15696369,0,0,0,0,0,0,5,0,1,0,3,0,0,0,0,0,0,0,0,0,0,0,0,0,0,0,0,0,0,0
sm15714327,0,0,23,0,1,0,1,0,0,6,0,1,0,0,8,0,0,0,0,0,0,0,0,0,0,0,1,0,0,0
sm15719556,0,0,0,0,0,0,33,34,3,5,54,0,0,13,5,1,5,2,0,0,1,0,2,2,0,14,3,17,0,0
sm15741427,0,0,0,0,0,0,1,0,0,1,0,0,0,0,1,0,1,0,0,0,0,0,0,0,0,0,0,0,0,0
sm15719565,0,0,0,0,0,0,3,3,0,1,1,0,0,3,1,0,0,1,0,0,4,0,0,0,0,0,0,2,0,1
sm15751190,0,0,0,0,46,0,53,4,1,3,2,11,4,8,14,1,28,2,0,0,10,0,0,0,0,5,9,19,0,7
sm15789837,0,0,0,0,0,0,2,2,0,0,0,0,0,1,0,0,0,1,0,0,0,0,0,0,0,0,0,0,0,0
sm15800552,0,1,0,0,1,0,12,1,0,0,2,0,2,1,0,2,0,0,0,0,0,0,0,0,0,0,0,1,0,0
sm15825105,0,0,0,0,8,0,2,0,0,0,0,0,0,7,0,0,2,0,0,0,3,0,0,0,0,0,0,0,0,0
sm15815944,0,0,32,0,1,0,1,0,0,3,0,0,0,2,0,2,0,0,0,0,0,0,0,0,0,0,0,0,0,0
sm15841119,0,0,0,0,0,0,1,1,0,2,0,0,0,1,0,0,0,0,0,0,0,0,0,0,0,0,0,1,0,0
sm15844332,0,0,0,0,0,0,1,1,0,1,0,0,0,0,0,0,0,0,0,0,0,0,0,0,0,0,0,0,0,0
sm15853580,0,1,10,0,0,0,2,1,0,5,0,1,0,3,0,2,0,0,0,0,0,0,0,0,0,0,0,2,0,0
sm15922203,0,0,14,0,0,0,8,1,0,2,0,1,0,1,1,1,0,0,0,0,0,0,0,0,0,0,0,1,0,0
sm15875228,0,0,0,0,0,0,8,5,0,1,1,0,0,11,1,5,1,6,0,0,0,0,0,0,0,0,0,1,0,0
sm15933955,0,0,6,0,0,0,5,2,1,0,9,1,0,0,0,0,0,1,0,0,0,0,0,0,0,2,0,1,0,0
sm15942116,0,0,0,0,0,0,4,0,0,0,2,0,0,0,0,0,0,0,0,0,0,0,0,0,0,1,0,1,0,0
sm15955450,0,0,0,0,3,0,4,2,0,6,3,0,0,2,1,1,0,1,0,0,0,15,13,0,0,1,0,1,0,2
sm15970184,0,0,0,0,0,0,0,0,0,0,0,0,0,0,1,0,0,0,0,0,0,0,0,0,0,0,0,0,0,0
sm15980251,0,0,0,0,1,0,6,0,2,0,7,0,0,5,3,2,0,0,0,0,0,0,0,3,0,1,0,1,0,0
sm15987636,0,0,0,0,0,0,3,0,0,10,0,0,0,1,1,3,1,1,0,0,0,3,2,1,0,0,0,2,0,2
sm16007598,0,0,0,0,0,0,1,0,0,0,2,0,1,0,2,0,0,1,0,0,1,0,0,0,0,0,1,0,0,0
sm16011363,0,0,0,20,3,160,41,17,7,75,0,2,6,10,4,2,6,11,0,0,0,0,45,2,0,0,8,11,0,12
sm16065869,0,1,0,0,0,0,0,1,2,0,3,0,0,0,0,0,0,0,0,0,0,0,0,0,0,0,0,0,0,0
sm16069888,0,0,1,0,0,0,1,1,0,0,3,1,0,1,0,2,0,0,0,0,1,0,0,0,0,0,0,2,0,0
sm16049992,0,6,0,0,0,0,18,7,27,0,35,0,2,8,1,3,1,6,0,0,0,0,0,0,0,2,0,4,0,1
sm16070272,0,0,0,0,0,0,0,2,1,1,1,0,0,1,0,1,0,0,0,0,0,0,0,0,0,0,1,0,0,1
sm16076097,0,0,0,0,0,0,3,0,0,0,1,1,0,0,0,0,0,0,0,0,0,0,0,0,0,0,0,0,0,0
sm16079453,0,0,0,0,0,0,1,0,0,1,2,0,0,1,0,0,0,0,0,0,0,0,0,0,0,2,0,1,0,0
sm16085344,0,0,0,0,0,0,0,3,0,0,0,0,0,0,0,1,0,0,0,0,1,0,0,0,0,1,0,0,0,0
sm16137694,0,0,0,0,1,0,2,0,3,0,13,0,0,0,0,1,0,0,0,0,0,0,0,0,0,0,1,1,0,0
sm16187258,0,0,0,0,0,0,3,1,0,0,0,0,0,5,0,1,0,3,0,0,0,0,0,1,0,0,0,1,0,1
sm16201802,0,0,0,0,0,0,6,1,0,1,1,0,0,0,1,1,0,0,0,0,0,0,0,0,0,2,0,1,0,0
sm16229812,0,0,0,0,0,0,3,5,1,0,3,0,0,1,0,1,0,0,0,0,0,3,0,0,0,0,0,2,0,0
sm16231559,0,10,7,0,2,0,20,8,0,22,0,0,0,3,2,0,1,2,0,1,0,0,0,0,0,0,2,4,0,1
sm16238717,0,0,0,0,8,0,11,3,2,4,1,6,18,10,3,10,4,6,0,0,0,5,0,8,0,1,8,19,0,4
sm16253955,0,0,0,0,0,0,2,1,1,5,1,0,2,1,0,0,0,0,0,0,0,0,2,0,0,0,1,1,0,1
sm16258483,0,0,0,0,0,0,0,0,0,0,3,0,0,0,0,0,0,0,0,0,0,0,0,0,0,0,0,0,0,0
sm1632617,0,0,4,0,0,0,3,0,0,0,0,7,0,5,0,2,0,0,0,0,1,0,0,0,0,0,1,1,0,0
sm16352396,0,0,0,0,0,0,1,0,0,0,1,0,0,0,4,0,0,0,0,0,5,0,0,0,0,0,0,2,0,0
sm16353783,0,0,0,0,5,0,79,35,12,5,67,2,7,17,12,37,10,15,0,0,5,0,0,8,0,11,6,18,0,16
sm16386722,0,3,0,0,0,0,7,2,0,0,2,0,0,2,0,1,0,0,0,0,0,0,0,0,0,1,0,1,0,0
sm16366329,0,50,0,0,15,0,19,1,9,5,58,1,10,1,34,4,7,7,0,163,0,0,5,0,0,31,66,102,0,9
sm16387915,0,0,0,0,0,0,13,5,0,1,0,0,2,3,1,1,0,5,0,0,0,0,0,0,0,0,0,4,0,0
sm16405963,0,13,28,0,193,0,16,5,1,0,42,28,14,54,1,5,6,12,0,0,0,0,0,112,0,13,3,14,0,4
sm16409992,0,0,0,0,0,0,2,0,0,0,2,0,1,0,0,1,0,0,0,0,0,0,0,0,0,0,0,0,0,0
sm16448432,0,0,0,0,0,0,3,2,0,4,0,0,0,1,0,0,0,0,0,0,0,1,0,1,0,0,0,1,0,0
sm16475295,0,0,0,0,0,0,2,1,0,0,0,1,0,0,0,0,1,0,0,0,0,0,0,0,0,0,0,0,0,0
sm16493013,0,0,0,0,0,0,0,0,0,0,3,1,0,0,0,0,0,1,0,0,0,0,0,0,0,0,0,0,0,0
sm16496406,0,0,0,0,1,0,1,0,0,0,0,0,0,1,2,1,0,0,0,0,0,0,0,0,0,0,0,0,0,1
sm16527005,0,0,0,0,0,0,1,3,0,0,0,1,1,2,0,0,0,0,0,0,0,0,0,0,0,0,0,0,0,0
sm16559290,0,0,0,0,0,0,2,0,0,0,5,0,0,1,0,0,0,1,0,0,0,0,0,0,0,0,0,0,0,0
sm16588541,0,0,0,0,0,0,5,2,0,0,0,0,0,0,0,1,0,0,0,0,0,0,0,0,0,0,0,0,0,0
sm16583264,0,0,0,0,0,0,12,5,0,0,0,0,1,2,0,3,0,0,0,0,0,0,0,0,0,0,1,1,0,0
sm16659931,0,1,0,10,4,84,34,13,1,18,1,0,4,5,24,7,2,1,0,0,0,1,21,0,0,0,1,7,0,2
sm16670262,0,0,0,0,0,0,5,2,0,0,0,0,0,4,0,5,1,1,0,0,1,0,0,0,0,0,0,0,0,0
sm16681219,0,0,0,0,0,0,4,0,0,0,0,0,0,1,0,0,0,0,0,0,0,0,0,0,0,0,0,0,0,0
sm16707821,0,0,5,0,0,0,11,2,2,0,21,1,1,0,0,1,0,2,0,0,2,0,0,0,0,3,0,0,0,0
sm16693218,0,20,116,0,13,0,41,7,2,28,36,27,7,31,6,13,5,8,0,0,0,0,0,30,0,7,22,34,0,18
sm16719809,0,0,0,0,60,10,18,7,6,0,155,25,1,18,27,4,5,6,0,0,40,0,0,0,0,88,24,16,0,12
sm16729081,0,0,8,0,1,0,6,1,3,0,29,3,1,5,5,0,2,0,0,0,0,0,0,0,0,3,1,1,0,0
sm16734827,0,4,52,0,0,0,1,0,0,1,0,3,0,2,1,1,3,0,0,0,0,0,0,0,0,0,1,1,0,0
sm16735237,0,2,0,0,0,0,0,0,0,0,1,0,0,0,0,0,0,0,0,0,0,0,0,0,0,0,0,0,0,0
sm16765671,0,0,0,1,0,2,9,4,0,28,0,0,0,5,6,1,1,7,0,0,0,0,17,0,0,0,2,2,0,1
sm16768902,0,0,0,0,12,0,2,2,2,0,5,0,1,6,0,0,0,0,0,0,0,1,0,0,0,0,1,2,0,0
sm16769854,0,4,0,0,0,0,5,0,2,4,1,1,1,0,1,2,0,0,0,0,1,0,0,0,0,0,1,0,0,1
sm16770185,0,2,0,0,0,0,0,0,0,0,2,0,1,0,0,0,0,0,0,0,0,0,0,0,0,0,0,0,0,1
sm16772333,0,0,10,0,0,0,2,0,0,0,3,0,0,0,2,1,0,0,0,0,0,0,0,0,0,0,1,1,0,0
sm16772487,0,0,2,0,0,0,16,4,3,5,17,0,5,4,0,3,1,1,0,0,0,5,2,0,0,3,0,6,0,2
sm16799739,0,0,0,0,0,0,6,3,0,0,0,0,0,7,2,0,0,0,0,0,0,0,0,0,0,0,0,2,0,0
sm16800139,0,0,0,0,0,0,3,1,0,0,1,0,0,0,0,0,0,0,0,0,0,0,0,0,0,0,0,0,0,0
sm16825773,0,0,34,0,0,0,2,1,0,9,0,0,0,3,0,1,0,0,0,0,0,0,0,0,0,0,1,0,0,0
sm16827089,0,0,1,0,0,0,1,2,1,1,0,0,0,0,3,0,0,0,0,1,0,0,0,0,0,0,0,1,0,0
sm16833058,0,0,5,0,0,0,11,4,3,0,53,3,0,6,7,0,0,1,0,0,0,0,0,0,0,7,3,3,0,0
sm16844849,0,0,97,0,1,0,19,6,2,0,12,3,2,12,1,1,0,4,0,0,1,0,0,0,0,1,15,15,0,3
sm16846374,0,0,0,0,0,0,13,0,3,0,50,5,6,1,8,0,3,2,0,1,0,0,0,0,0,44,17,11,0,2
sm16859428,0,0,1,0,4,0,57,17,3,3,52,0,6,18,27,7,10,3,0,0,7,0,0,3,0,15,4,21,0,8
sm16913043,0,0,0,2,0,11,2,2,0,3,0,0,0,0,0,0,0,0,0,0,0,0,0,0,0,0,0,0,0,0
sm16969007,0,0,1,5,0,24,18,13,4,5,8,1,4,2,5,2,2,4,0,1,0,3,12,0,0,3,3,2,0,3
sm17015301,0,0,4,0,0,0,3,4,2,0,8,1,0,1,0,0,1,1,0,1,2,0,0,0,0,6,0,1,0,0
sm16980824,0,3,51,0,0,0,11,2,3,31,1,0,2,3,1,2,0,2,0,0,2,0,0,0,0,0,0,2,0,1
sm16973327,0,0,0,0,9,0,24,4,7,23,6,3,34,16,8,8,9,4,0,135,25,0,0,11,0,6,15,18,0,29
sm17020500,0,0,0,0,1,0,2,0,0,4,0,0,1,0,2,1,0,0,0,0,2,0,0,0,0,0,0,0,0,0
sm17067188,0,3,0,0,0,0,8,0,0,0,1,0,0,2,0,0,2,0,0,0,0,0,0,0,0,0,0,1,0,0
sm17092280,0,0,0,0,0,0,1,3,0,0,4,0,1,1,0,1,0,0,0,0,0,0,0,0,0,0,0,1,0,0
sm17134469,0,0,1,0,0,0,5,4,1,0,0,2,0,5,1,0,0,1,0,0,2,0,0,0,0,0,2,3,0,1
sm17112691,0,13,0,0,2,0,22,16,3,23,14,0,1,4,3,7,1,7,0,0,16,0,0,0,0,2,1,4,0,2
sm17142789,0,5,14,0,3,0,21,7,0,0,0,2,3,13,13,9,4,2,0,12,0,0,0,0,0,1,14,14,0,5
sm17147346,0,1,0,0,0,0,5,0,0,2,1,0,1,3,0,0,0,1,0,0,0,0,0,0,0,0,1,0,0,0
sm1718025,0,0,0,0,4,0,1,0,2,0,3,0,3,12,0,0,2,1,0,0,5,0,0,2,0,1,2,5,0,0
sm17201316,0,0,4,0,3,0,13,8,1,2,2,0,0,5,3,2,1,0,0,0,1,0,0,0,0,0,5,1,0,0
sm17202463,0,0,0,0,0,0,0,0,0,0,0,0,1,0,1,0,0,1,0,0,0,0,0,0,0,0,0,0,0,0
sm17191781,0,0,637,0,11,0,38,14,0,16,0,19,1,18,4,3,2,4,0,0,0,0,0,11,0,3,14,23,0,2
sm17211747,0,0,0,0,5,0,3,0,8,0,29,1,1,1,1,1,2,0,0,0,12,0,0,0,0,37,0,7,0,0
sm17213108,0,0,0,0,0,0,2,1,0,0,3,0,0,5,0,3,4,1,0,0,0,0,0,0,0,0,0,2,0,0
sm17213446,0,0,0,0,0,0,3,0,0,0,10,0,0,0,0,1,1,0,0,0,0,0,0,0,0,1,0,0,0,0
sm17228726,0,0,5,0,1,0,2,1,0,1,0,0,0,1,0,0,0,0,0,0,1,0,0,0,0,0,1,2,0,0
sm17235354,0,0,0,0,0,0,2,1,0,4,0,1,0,1,0,1,1,0,0,0,3,0,0,0,0,0,0,1,0,0
sm17323674,0,0,13,0,0,0,2,0,0,0,0,0,0,1,0,1,0,0,0,8,0,0,0,0,0,0,0,2,0,0
sm17336304,0,0,9,0,0,0,0,0,0,0,0,0,0,1,0,1,0,0,0,0,0,0,0,0,0,0,0,0,0,0
sm17457529,0,0,18,0,0,0,3,1,0,1,0,0,0,1,0,0,0,0,0,0,0,0,0,0,0,0,1,1,0,1
sm1884912,0,0,1,0,0,0,1,0,0,2,0,0,0,1,0,0,0,0,0,0,1,0,0,2,0,0,0,0,0,0
sm1986944,0,0,0,0,0,0,2,0,1,0,0,0,0,0,0,0,0,0,0,0,0,0,0,0,0,0,0,0,0,0
sm2013783,0,0,0,0,1,0,1,1,2,0,10,0,0,3,0,1,1,0,0,0,2,4,4,1,0,0,0,1,0,0
sm2039810,0,0,0,0,0,0,2,2,1,3,1,0,0,3,0,0,1,0,0,0,2,0,0,0,0,0,0,1,0,0
sm2096153,0,0,0,0,1,0,5,0,1,0,0,0,1,13,0,0,0,3,0,0,1,2,13,3,0,0,1,1,0,2
sm2205860,0,0,0,0,0,0,0,1,0,0,0,0,2,8,0,1,0,1,0,0,6,0,0,0,0,1,0,3,0,0
sm2280411,0,0,0,0,0,0,1,0,0,0,0,0,0,0,0,1,0,0,0,0,0,0,0,0,0,0,0,0,0,0
sm2408207,0,0,0,0,0,0,2,1,0,0,0,0,1,0,0,0,0,0,0,0,0,0,0,0,0,1,2,2,0,0
sm2489873,0,0,0,0,1,0,2,1,0,0,0,0,0,1,0,3,1,2,0,0,0,2,1,0,0,0,0,1,0,0
sm2519176,0,0,20,0,0,0,8,1,0,3,8,1,0,7,1,2,0,0,0,0,2,0,0,0,0,1,2,1,0,0
sm2533949,0,0,0,0,0,0,3,0,0,0,4,0,0,0,2,0,0,0,0,0,0,0,2,0,0,0,0,1,0,0
sm2553659,0,0,0,0,0,0,5,1,0,0,0,0,0,2,0,1,0,0,0,0,0,0,0,0,0,0,0,0,0,0
sm2577615,0,0,0,0,0,0,1,0,0,0,0,0,0,3,0,0,0,0,0,0,1,0,0,0,0,1,1,0,0,1
sm2584252,0,0,4,0,0,0,2,0,0,0,0,0,0,3,0,3,1,2,0,0,0,0,0,0,648,0,0,0,0,0
sm2653480,0,0,0,0,1,0,1,0,1,14,2,0,0,1,2,1,0,0,0,0,0,0,2,0,0,1,0,1,0,0
sm2678744,0,0,1,0,13,0,28,3,9,0,74,6,8,54,0,5,21,8,0,0,3,4,20,91,0,12,1,10,0,2
sm2758851,0,0,0,0,2,0,19,5,1,0,43,1,1,10,1,3,2,2,0,0,0,0,10,0,0,5,0,1,0,0
sm2827322,0,0,0,0,0,0,0,0,2,0,3,0,0,1,2,0,0,0,0,0,6,1,0,0,0,1,0,0,0,0
sm3032672,0,0,0,0,0,0,1,0,0,0,0,0,0,0,0,0,0,0,0,0,0,0,0,0,0,0,0,0,0,0
sm3045725,0,0,0,0,0,0,6,2,0,1,0,0,1,7,3,1,2,2,0,0,0,0,1,0,0,0,1,1,0,1
sm3060283,0,0,0,0,0,0,1,0,0,0,5,3,0,2,0,1,0,0,0,0,3,6,0,0,0,1,0,0,0,0
sm3197958,0,0,0,0,0,0,1,0,0,1,0,0,0,1,0,0,0,0,0,0,0,0,0,0,0,0,0,0,0,0
sm3279352,0,0,0,0,0,0,2,0,0,0,1,1,0,1,1,0,0,0,0,0,1,0,0,2,0,1,0,0,0,0
sm3372198,0,0,0,0,0,0,1,0,0,1,0,0,0,1,5,0,0,0,0,0,2,0,0,0,0,1,0,0,0,0
sm3425798,0,0,1,0,0,0,0,0,0,0,0,0,0,1,0,0,0,0,0,0,0,0,0,0,0,0,1,0,0,0
sm3534601,0,0,0,0,0,0,14,2,0,0,4,0,3,2,0,0,0,0,0,0,3,0,0,0,0,1,1,4,0,1
sm3671490,0,0,0,0,2,0,7,0,1,0,33,4,0,5,1,2,0,0,0,0,4,0,0,0,0,10,2,0,0,0
sm3636268,0,0,0,0,1,0,5,17,0,0,8,0,0,20,0,0,0,0,0,0,0,0,0,0,0,0,0,0,0,1
sm3671912,0,0,1,0,1,0,1,0,1,0,2,0,0,7,0,4,2,0,0,0,1,0,0,0,0,0,0,0,0,0
sm3698889,0,0,0,0,0,0,2,0,3,1,0,0,0,0,0,0,0,0,0,0,0,0,0,0,0,0,0,0,0,0
sm3950088,0,0,0,0,1,0,5,1,0,0,3,0,3,0,0,1,0,0,0,0,0,0,0,0,0,2,1,2,0,0
sm3971759,0,0,0,0,0,0,2,1,0,0,4,0,0,2,1,0,0,0,0,0,2,0,0,0,0,0,0,1,0,0
sm3995757,0,0,1,0,1,0,24,9,17,28,0,3,1,8,3,10,1,3,0,0,12,11,0,0,0,0,0,8,0,1
sm4028567,0,0,0,0,0,0,7,2,0,0,0,0,0,0,0,1,1,0,0,0,0,0,4,0,0,0,2,4,0,0
sm4180612,0,0,0,0,0,0,3,1,0,0,1,0,0,0,0,0,0,0,0,0,2,0,0,0,0,0,0,0,0,0
sm4189459,0,0,0,0,1,0,7,1,1,0,24,6,2,3,8,1,2,0,0,0,1,4,2,0,0,3,0,0,0,0
sm4218005,0,0,6,0,0,0,18,1,1,0,21,6,1,14,2,6,0,2,0,0,5,6,0,2,0,17,9,6,0,5
sm4247321,0,0,16,0,0,0,4,0,0,0,1,17,0,8,34,1,0,1,0,0,3,0,0,1,0,0,1,4,0,1
sm4271005,0,0,0,0,0,0,1,0,1,0,2,1,1,0,0,0,0,0,0,64,0,0,0,0,0,1,0,2,0,0
sm4291081,0,0,0,0,0,0,0,1,0,0,1,0,0,0,0,1,0,0,0,0,1,0,0,0,0,0,0,0,0,0
sm4387562,0,0,0,0,0,0,0,0,1,0,3,1,0,0,0,0,0,0,0,0,0,0,0,0,0,0,1,0,0,0
sm4451787,0,0,0,0,0,0,0,1,0,3,0,0,0,1,0,0,0,0,0,0,4,0,0,0,0,0,2,1,0,0
sm4459566,0,0,0,0,1,0,0,1,1,0,1,2,0,0,1,0,0,0,0,0,0,0,0,0,0,0,1,0,0,0
sm4554935,0,0,0,0,8,0,11,3,36,0,76,16,0,10,0,2,1,20,0,0,15,0,0,0,0,51,0,1,0,3
sm4611149,0,0,0,0,0,0,1,0,0,1,0,2,0,0,0,2,0,0,0,0,0,0,3,0,0,0,1,0,0,0
sm4611428,0,0,0,0,1,0,2,0,0,0,1,0,0,1,1,1,0,0,0,0,1,0,0,0,0,1,0,0,0,0
sm4669648,0,0,0,0,0,0,0,3,1,4,0,1,3,5,0,1,0,0,0,0,0,0,0,0,0,0,1,0,0,2
sm4740727,0,0,0,0,3,0,7,0,0,0,7,0,0,1,0,0,1,0,0,0,0,0,0,0,0,1,0,0,0,0
sm4775983,0,0,0,0,1,0,2,0,0,0,0,1,0,0,1,0,0,0,0,0,0,0,0,0,0,0,0,0,0,0
sm4917069,0,0,0,0,0,0,24,5,0,0,0,3,2,10,0,5,1,0,0,0,2,0,0,0,0,0,0,1,0,2
sm4966548,0,0,0,0,0,0,2,0,0,1,2,0,0,0,0,0,0,0,0,0,0,4,2,0,0,2,0,0,0,0
sm5085658,0,0,1,0,2,0,10,0,0,0,10,0,0,3,6,1,6,1,0,0,22,0,0,0,0,2,3,2,0,2
sm5114973,0,0,0,0,2,0,0,0,0,0,7,0,0,1,0,0,0,0,0,0,0,4,0,0,0,3,0,0,0,0
sm5137683,0,0,0,0,0,0,1,0,0,0,4,0,0,0,0,0,0,0,0,0,0,0,0,0,0,1,0,0,0,0
sm5168173,0,0,0,0,1,0,6,0,0,0,16,0,0,0,1,1,1,0,0,0,8,6,0,0,0,6,0,1,0,1
sm5281569,0,0,0,0,0,0,4,0,0,1,0,0,0,2,0,2,0,0,0,0,0,1,3,0,0,0,1,1,0,1
sm5296638,0,0,5,0,0,0,2,1,1,2,0,1,0,2,11,0,0,0,0,0,1,0,0,0,0,0,1,0,0,0
sm5332327,0,0,0,0,0,0,1,0,0,2,0,1,0,1,0,0,0,0,0,0,0,0,0,0,0,0,1,0,0,0
sm5332638,0,0,6,0,0,0,8,2,0,4,0,5,0,8,24,2,2,0,0,0,3,0,0,0,0,0,2,3,0,1
sm5486732,0,0,0,0,0,0,0,0,0,2,0,0,0,0,0,0,0,0,0,0,0,0,4,1,0,0,0,0,0,0
sm5513850,0,0,2,0,0,0,3,1,0,0,0,0,0,0,0,0,0,0,0,0,0,0,0,0,0,0,0,1,0,0
sm5563391,0,0,2,0,1,0,11,1,0,6,0,2,1,3,1,2,1,1,0,1,2,0,0,0,0,0,1,1,0,2
sm5601322,0,0,0,0,0,0,0,1,0,0,0,0,0,1,0,0,0,0,0,0,0,0,0,0,0,0,0,0,0,0
sm5608513,0,0,0,0,2,0,1,0,1,1,1,0,1,4,1,0,0,0,0,0,5,0,0,2,0,1,2,3,0,1
sm5657281,0,0,0,0,0,0,1,0,0,2,0,0,0,0,3,2,1,0,0,0,0,0,0,0,0,0,0,0,0,1
sm5717613,0,0,0,0,1,0,1,0,1,0,0,0,0,0,3,0,0,0,0,0,0,0,0,0,0,0,2,0,0,0
sm5870324,0,0,0,0,0,0,4,1,0,3,0,0,2,2,0,2,4,0,0,0,1,1,9,0,0,1,0,1,0,0
sm5948584,0,0,0,0,0,0,1,0,0,1,0,4,0,0,0,0,0,0,0,0,0,0,0,0,0,0,0,0,0,0
sm6030356,0,0,3,0,1,0,4,0,2,3,1,4,1,5,5,3,0,1,0,0,1,1,0,0,0,0,3,1,0,1
sm6119553,0,0,0,0,0,0,0,0,0,0,0,0,0,0,0,1,0,0,0,0,0,0,0,0,0,0,0,0,0,0
sm6059337,0,0,1,0,0,0,1,0,0,0,0,0,0,0,0,0,0,0,0,0,0,0,0,0,0,0,0,0,0,0
sm6137627,0,0,0,0,0,0,0,0,0,0,0,0,0,0,0,0,0,0,0,0,0,0,0,0,0,0,0,0,0,0
sm6183732,0,0,0,0,0,0,1,0,0,0,0,0,0,0,0,0,0,0,0,0,0,0,0,0,0,0,0,0,0,0
sm6165498,0,0,0,0,10,0,11,0,13,2,3,3,1,3,22,3,4,3,0,0,0,10,6,0,0,1,2,4,0,0
sm6235882,0,0,0,0,0,0,0,0,0,0,2,0,0,0,0,0,0,0,0,0,0,1,0,0,0,0,0,0,0,0
sm6440455,0,0,0,0,0,0,1,0,0,0,0,0,0,0,0,0,1,0,0,0,0,1,0,0,0,0,1,0,0,0
sm6448701,0,0,0,0,0,0,1,1,1,0,14,0,0,1,0,0,0,0,0,0,2,0,0,0,0,0,0,0,0,1
sm6601567,0,0,0,0,0,0,3,2,0,0,1,0,2,0,1,1,1,0,0,0,0,0,1,0,0,0,1,0,0,0
sm6627628,0,0,1,0,1,0,5,0,0,3,7,2,1,2,0,0,2,1,0,0,1,0,0,0,0,1,0,2,0,0
sm6677536,0,0,0,0,0,0,0,1,0,0,3,0,1,0,0,0,0,0,0,0,2,0,0,0,0,0,0,0,0,0
sm6723010,0,0,45,30,7,178,19,7,2,4,9,43,2,43,5,8,3,9,0,0,1,0,12,10,0,5,14,22,0,6
sm6727398,0,0,0,0,0,0,3,1,0,1,0,0,1,1,0,2,0,0,0,0,0,0,0,0,0,0,0,0,0,0
sm6753213,0,0,0,0,0,0,14,5,0,15,3,0,1,5,1,1,0,0,0,0,2,0,0,0,0,0,1,3,0,2
sm6865106,0,0,5,0,0,0,24,1,0,1,9,1,1,2,2,0,2,2,0,0,1,0,0,2,0,0,2,3,0,0
sm6980351,0,0,3,0,0,0,0,0,0,0,0,2,0,2,1,0,0,0,0,0,0,0,0,0,0,0,0,0,0,0
sm6991834,0,0,0,0,5,0,6,1,1,0,30,1,0,4,1,0,0,0,0,0,0,0,0,0,0,6,1,0,0,0
sm7000665,0,0,2,0,1,0,3,2,0,1,1,1,0,2,0,0,0,0,0,0,0,0,0,0,0,2,0,2,0,1
sm7030348,0,0,2,0,1,0,10,2,0,0,22,0,0,7,0,1,0,0,0,1,0,0,0,0,0,1,2,1,0,0
sm7078981,0,0,0,0,1,0,12,1,4,0,25,2,0,5,1,0,1,0,0,0,7,0,0,0,0,4,0,1,0,1
sm7215797,0,0,0,0,0,0,10,3,0,0,0,1,2,6,2,3,1,4,0,0,1,0,0,0,0,0,0,1,0,1
sm7093221,0,0,0,0,0,0,4,0,0,0,0,1,1,1,0,0,0,0,0,0,0,0,0,0,0,0,0,0,0,0
sm7224643,0,0,0,0,0,0,3,2,0,0,0,0,0,0,0,1,0,0,0,0,0,0,0,0,0,0,0,1,0,0
sm7232278,0,0,0,0,14,0,6,1,0,0,0,0,1,11,0,1,3,1,0,0,1,0,26,2,0,0,0,0,0,0
sm7354057,0,0,0,0,0,0,2,1,0,0,0,0,1,0,0,1,1,0,0,0,0,0,0,0,0,0,0,1,0,0
sm7382586,0,0,0,0,1,0,0,0,2,0,3,0,0,1,2,1,1,0,0,0,0,0,0,0,0,0,0,0,0,0
sm7400854,0,0,0,0,0,0,2,1,0,0,0,0,0,0,1,0,0,0,0,0,2,0,0,0,0,0,1,1,0,2
sm7400945,0,0,0,0,0,0,0,0,0,0,1,0,0,1,0,2,0,0,0,0,0,0,0,0,0,0,0,0,0,0
sm7402532,0,0,0,0,0,0,5,4,0,5,1,0,0,1,0,1,0,2,0,0,2,4,0,0,0,1,0,1,0,0
sm7476730,0,0,0,0,0,0,1,0,0,0,0,0,0,0,0,2,0,0,0,0,0,0,0,0,0,0,0,2,0,0
sm7504739,0,0,0,0,0,0,2,0,0,2,0,0,0,1,0,1,0,0,0,0,0,0,0,0,0,0,0,0,0,0
sm7527985,0,0,0,0,1,0,7,0,0,0,3,0,0,1,1,2,0,0,0,0,8,0,0,0,0,3,0,1,0,0
sm7550182,0,0,0,0,683,0,14,0,8,4,16,3,6,8,7,4,5,0,0,0,13,0,0,3,0,8,1,7,0,2
sm7597329,0,14,0,0,11,0,10,3,5,0,35,0,2,6,2,3,14,1,0,0,0,1,0,0,0,5,0,0,0,2
sm7612037,0,0,0,0,0,0,2,0,0,0,0,0,0,1,0,0,0,1,0,0,0,1,3,0,0,0,0,0,0,0
sm7598217,0,0,0,0,4,0,8,0,2,0,26,0,2,3,3,1,1,0,0,1,0,0,23,0,0,8,0,0,0,0
sm7681611,0,0,0,0,0,0,3,0,0,0,0,0,0,5,0,1,0,0,0,0,0,0,0,0,0,0,0,2,0,0
sm7686320,0,0,0,0,0,0,10,1,0,5,1,0,2,3,0,1,0,0,0,0,2,0,0,0,0,0,0,0,0,1
sm7778065,0,0,0,0,0,0,4,0,0,0,0,0,0,2,0,0,0,0,0,0,0,0,0,0,0,0,0,0,0,0
sm7792239,0,0,30,0,0,0,6,2,0,0,0,0,1,5,7,3,1,0,0,0,0,0,0,0,0,0,2,6,0,0
sm7807845,0,0,0,0,0,0,1,1,0,0,0,0,0,0,0,0,0,0,0,0,0,0,0,0,0,0,0,0,0,0
sm7811586,0,0,0,0,0,0,1,0,0,0,0,0,1,0,1,0,0,0,0,0,0,0,0,0,0,0,0,1,0,0
sm7878515,0,0,1,0,0,0,4,0,2,8,0,0,1,1,1,4,0,1,0,0,0,0,0,0,0,0,3,1,0,1
sm7879207,0,0,5,0,1,0,8,1,0,0,37,1,0,15,2,0,0,2,0,0,1,0,0,19,0,5,2,2,0,0
sm7882150,0,0,0,0,3,0,33,8,4,35,6,1,2,16,9,3,6,5,0,0,11,44,8,1,0,7,4,20,0,21
sm7891168,0,0,2,0,0,0,2,2,0,6,0,0,0,0,0,0,0,0,0,0,0,0,0,0,0,0,0,0,0,0
sm7897854,0,0,0,0,8,0,8,4,1,9,0,0,1,3,0,1,2,1,0,0,0,0,0,1,0,0,0,2,0,1
sm7992704,0,1,32,0,29,0,20,5,7,18,4,10,3,18,11,9,2,5,0,1,19,0,0,4,0,1,9,18,0,5
sm8061167,0,0,1,0,0,0,1,0,0,0,0,0,1,1,0,3,0,0,0,0,0,0,0,0,0,0,0,0,0,0
sm8091446,0,3,3,0,0,0,7,1,1,6,0,0,0,2,5,1,0,2,0,0,0,0,0,2,0,0,5,2,0,1
sm8098660,0,0,0,0,0,0,0,1,0,1,0,0,1,0,0,0,0,0,0,0,0,0,0,0,0,0,0,0,0,0
sm8119054,0,0,0,0,5,0,2,1,2,2,1,0,0,3,0,0,0,0,0,0,0,6,0,0,0,0,0,1,0,2
sm8121199,0,0,1,0,0,0,0,0,0,0,0,0,0,0,5,0,0,0,0,0,0,0,0,0,0,0,0,0,0,0
sm8163888,0,0,2,0,0,0,2,1,0,0,0,0,0,0,1,0,0,0,0,0,0,0,0,0,0,0,0,0,0,0
sm8251494,0,0,1,0,0,0,2,0,1,0,1,0,0,6,0,3,0,0,0,0,0,0,0,1,0,0,0,2,0,0
sm8194738,0,0,0,0,0,0,2,3,0,4,0,0,0,1,0,0,0,0,0,0,0,0,0,0,0,0,0,0,0,0
sm8265929,0,0,0,0,1,0,6,1,0,0,1,0,1,1,0,1,0,0,0,0,1,0,0,0,0,0,0,0,0,0
sm8326494,0,0,11,0,0,0,6,3,0,2,0,7,0,3,4,2,0,2,0,0,0,0,5,1,0,0,0,0,0,3
sm8412978,0,0,0,0,1,0,8,0,0,5,0,1,4,5,0,1,6,2,0,0,9,7,8,0,0,1,0,4,0,2
sm8414715,0,0,4,0,0,0,21,4,0,5,0,1,0,9,5,2,1,2,0,0,0,0,0,0,0,0,2,5,0,0
sm8432098,0,0,0,0,0,0,7,3,0,0,1,0,0,2,1,0,0,0,0,1,0,0,0,0,0,0,0,3,0,1
sm8468717,0,0,0,0,0,0,13,4,0,0,9,1,2,3,0,0,2,0,0,0,7,0,0,3,0,5,1,3,0,1
sm8529991,0,0,0,0,3,0,1,0,0,0,0,0,0,3,0,0,0,0,0,0,0,0,1,0,0,0,0,0,0,0
sm8614063,0,0,0,0,0,0,0,2,1,3,0,0,0,0,0,0,0,0,0,0,0,0,0,0,0,0,0,0,0,0
sm8619149,0,0,0,0,1,0,2,0,0,0,19,0,1,6,0,2,0,0,0,0,13,9,0,0,0,5,0,3,0,0
sm8661117,0,0,0,0,1,0,2,0,0,0,0,0,0,1,0,0,1,0,0,0,0,0,0,0,0,0,0,1,0,0
sm8670561,0,0,0,0,2,0,2,2,0,0,17,1,1,2,5,0,1,1,0,0,11,1,0,1,0,2,2,3,0,3
sm8700898,0,0,0,0,0,0,1,0,0,0,2,0,0,1,1,0,3,0,0,0,0,0,0,0,0,0,0,1,0,1
sm8696152,0,0,0,0,0,0,4,2,2,3,0,0,0,1,0,1,0,0,0,0,2,0,0,0,0,1,0,0,0,1
sm8707393,0,0,1,0,0,0,3,1,0,0,11,0,0,0,0,2,0,0,0,0,1,3,0,0,0,1,0,0,0,0
sm8712532,0,0,0,0,0,0,6,5,1,1,2,0,1,2,2,3,1,0,0,0,1,0,0,0,0,0,2,2,0,1
sm8738313,0,0,0,0,0,0,18,12,0,0,4,0,0,2,0,1,0,0,0,0,0,11,0,0,0,3,0,1,0,0
sm8754973,0,0,0,0,0,0,0,1,0,0,0,0,0,0,1,0,0,0,0,0,0,0,0,0,0,0,0,0,0,0
sm8755465,0,0,0,0,0,0,3,1,0,0,2,0,0,1,2,1,1,0,0,0,5,0,0,0,0,1,0,0,0,1
sm8796407,0,0,0,0,1,0,1,2,0,1,0,1,0,0,0,1,1,0,0,0,0,0,0,0,0,0,0,1,0,1
sm8906830,0,0,0,0,0,0,3,1,2,0,3,0,0,2,0,0,0,0,0,0,0,0,0,0,0,0,0,0,0,0
sm8933166,0,0,0,0,11,0,36,10,16,5,121,3,27,9,12,29,4,2,4,3,37,0,0,1,0,29,6,31,0,3
sm8937853,0,0,0,0,0,0,0,0,0,0,0,0,0,2,0,0,0,0,0,0,0,0,0,0,0,0,0,0,0,0
sm8976018,0,2,0,0,0,0,2,0,0,0,2,0,0,0,0,2,0,0,0,0,0,0,0,0,0,0,0,0,0,0
sm9024627,0,0,4,0,1,0,1,1,0,0,0,5,0,1,0,0,1,0,0,0,0,0,0,0,0,0,0,1,0,0
sm9022413,0,0,1,0,0,0,1,0,0,0,0,0,0,3,1,2,2,1,0,0,0,0,0,0,0,1,0,0,0,0
sm9093103,0,0,0,0,2,0,2,2,0,1,1,0,4,10,2,5,0,3,0,0,19,2,0,0,0,0,0,1,0,1
sm9093561,0,0,2,0,0,0,2,0,0,12,0,0,0,0,2,0,1,1,0,0,0,0,0,0,0,0,0,2,0,0
sm9100218,0,0,0,0,3,0,5,0,1,0,15,0,0,0,0,0,0,0,0,0,2,0,0,0,0,2,0,0,0,1
sm9154541,0,0,0,0,0,0,5,4,0,4,0,0,0,5,0,1,1,0,0,0,0,0,0,0,0,0,0,1,0,0
sm9128830,0,0,0,0,0,0,1,0,0,1,0,0,0,1,0,0,1,0,0,0,0,0,0,0,0,0,0,0,0,0
sm9168029,0,0,1,0,0,0,0,0,0,0,7,1,0,2,3,0,0,0,0,0,0,0,0,0,0,0,0,1,0,0
sm9174236,0,0,0,0,1,0,2,0,0,0,0,0,0,0,0,1,2,1,0,0,0,0,0,1,0,0,0,0,0,0
sm9213450,0,0,0,0,12,0,1,1,0,0,0,0,0,1,0,0,1,0,0,0,0,0,2,0,0,0,0,0,0,0
sm9218213,0,0,0,0,1,0,4,2,1,11,5,0,3,0,2,3,0,2,0,0,1,15,0,0,0,5,3,5,0,9
sm9228896,0,0,0,0,0,0,1,1,0,11,0,0,0,1,0,2,0,1,0,0,0,0,0,0,0,0,0,0,0,0
sm9292554,0,0,0,0,0,0,1,0,0,2,0,0,0,2,0,0,0,0,0,0,0,0,0,0,0,0,0,2,0,0
sm9301676,0,1,0,0,2,0,36,9,4,45,5,2,4,12,2,5,2,2,0,0,0,23,0,0,0,0,6,7,0,8
sm9409012,0,0,1,0,0,0,4,2,0,0,6,4,0,0,1,1,0,0,0,0,1,0,0,0,0,0,1,1,0,1
sm9439204,0,0,2,0,0,0,3,0,0,0,0,0,0,1,0,0,0,0,0,0,0,0,2,0,0,0,0,0,0,1
sm9537937,0,0,0,0,4,0,2,0,0,0,16,0,2,0,0,0,0,0,0,0,0,0,8,0,0,5,0,0,0,0
sm9538407,0,0,1,0,0,0,0,0,0,0,0,0,0,0,1,0,0,0,0,0,0,0,0,0,0,0,1,0,0,0
sm9682775,0,0,0,0,0,0,1,0,0,1,0,0,1,0,1,0,0,0,0,0,0,1,0,0,0,0,0,1,0,0
sm9731365,0,0,3,0,0,0,1,0,0,0,2,2,0,1,0,0,0,0,0,0,0,0,0,0,0,0,0,2,0,0
sm9708587,0,0,0,0,0,0,0,0,0,0,4,0,0,0,0,0,0,1,0,0,1,0,0,1,0,0,0,0,0,0
sm9764858,0,4,0,0,1,0,1,1,2,0,3,0,0,0,0,0,0,0,0,0,0,0,0,0,0,0,0,0,0,0
sm9794134,0,0,6,0,0,0,1,0,0,0,0,4,0,2,0,0,1,1,0,0,0,0,0,0,0,1,0,3,0,0
sm9797544,0,0,0,0,0,0,5,3,0,0,0,0,0,1,0,0,0,2,0,0,1,0,0,0,0,0,0,0,0,1
sm9854305,0,0,0,0,0,0,2,2,0,6,0,1,0,5,0,0,0,0,0,0,0,0,0,0,0,0,0,0,0,2
sm9829617,0,0,0,0,1,0,18,8,3,0,33,0,1,3,6,5,1,2,4,2,7,0,0,0,0,8,1,7,0,5
sm9874221,0,0,0,0,0,0,2,0,0,4,0,2,2,1,0,2,0,2,0,0,0,0,0,0,0,0,0,1,0,0
sm9893696,0,0,0,0,4,0,8,0,0,0,27,0,0,3,0,0,0,3,0,0,0,0,0,0,0,0,0,1,0,1
sm9931198,0,0,0,0,1,0,4,1,0,0,3,0,0,0,0,0,0,0,0,0,0,0,0,0,0,0,0,0,0,0
sm9981341,0,0,0,0,0,0,2,0,0,2,1,0,0,0,0,0,0,0,0,0,0,0,0,0,0,0,0,0,0,1
