動画ID,gumi,wktk,wr,www,yyy,いい,いいね,ええ,かっこいい,かわいい,きた,これ,さん,すごい,ない,ダイヤ,ハート,ミク,ミリオン,リン,レン,中毒,初見,可愛い,大好き,好き,最高,神曲,脚気,良い
nm12177206,0,26,1,2,11,11,0,2,0,38,9,6,2,1,0,12,0,0,0,0,9,2,1,4,6,3,0,0,0,1
nm10674682,0,0,0,6,0,6,0,0,0,16,0,17,0,0,4,0,2,1,0,1,0,1,3,6,1,0,0,0,0,0
nm13287759,0,0,0,1,0,18,3,1,6,1,0,10,17,13,2,0,0,3,0,0,0,1,1,0,2,8,1,0,2,1
sm10027079,0,0,0,1,0,0,0,0,0,0,0,1,0,0,0,0,0,1,0,0,0,0,0,0,0,0,0,0,0,0
sm10038694,0,0,0,0,0,9,5,2,0,17,1,4,0,3,0,0,1,1,0,0,0,0,0,2,2,0,0,0,0,0
sm10037227,0,1,0,0,0,11,3,7,33,0,3,5,8,3,2,0,0,0,0,0,0,0,3,0,5,14,4,1,32,2
sm10175368,0,0,0,0,0,2,1,0,0,1,0,1,1,1,1,0,0,1,0,0,0,0,0,0,0,0,0,0,1,0
sm10066433,0,0,0,0,0,6,2,0,0,1,0,1,1,1,0,0,0,0,0,0,5,0,0,0,0,0,1,0,0,0
sm10219141,0,0,0,0,0,11,1,1,3,1,0,4,1,3,0,0,0,2,0,0,0,0,1,0,3,2,0,0,3,1
sm10242501,0,0,0,2,0,30,5,2,11,0,0,7,2,3,3,0,0,0,0,0,1,1,1,0,1,9,2,0,12,6
sm10385393,0,36,0,3,0,10,5,11,16,1,3,3,4,3,1,0,0,0,0,1,6,2,13,0,2,4,0,0,13,0
sm10393864,36,0,0,4,0,77,7,1,1,16,1,18,17,6,12,0,0,0,1,0,0,1,0,13,24,36,16,2,0,23
sm10443985,0,1,0,8,0,3,1,8,0,2,0,2,3,3,2,0,0,2,0,0,0,0,0,1,0,2,0,0,0,1
sm10445286,0,0,0,0,0,1,0,0,6,0,0,1,0,3,0,0,0,0,0,1,6,0,0,0,1,0,1,0,0,1
sm10446457,0,13,0,1,0,30,4,9,0,135,15,11,16,0,2,0,28,0,2,48,2,4,33,37,19,9,1,4,0,1
sm10446708,0,3,0,0,0,16,3,1,5,0,0,3,12,3,0,0,0,0,0,12,0,0,3,1,6,6,1,0,11,3
sm10453745,0,3,0,1,0,1,0,0,2,5,5,3,0,1,0,0,0,0,0,4,0,0,7,1,0,4,1,0,3,1
sm10533832,0,105,0,19,87,85,15,9,17,5,45,79,29,21,16,0,0,8,202,0,0,182,264,0,87,77,26,16,4,9
sm10543519,0,0,0,8,0,20,5,2,1,3,1,14,2,8,1,0,0,0,0,0,0,0,0,0,2,3,1,0,0,0
sm10565041,0,0,0,0,0,3,0,0,1,0,0,2,0,2,1,0,0,0,0,0,0,0,0,0,0,0,0,0,0,0
sm10626762,0,0,0,0,0,4,0,0,0,0,0,0,1,0,1,0,0,0,0,0,0,0,0,0,0,0,0,0,0,1
sm10628168,2,0,0,0,0,5,1,0,7,0,0,0,4,2,1,0,0,0,0,2,1,0,0,0,2,3,3,0,2,0
sm10632158,0,0,0,0,0,1,0,0,0,0,0,0,0,0,0,0,0,0,0,0,0,0,0,0,0,0,0,0,0,0
sm10659443,0,0,0,0,0,3,0,0,0,0,0,0,0,2,0,0,0,0,0,0,0,0,0,0,0,0,0,0,0,0
sm10713103,0,0,0,3,0,39,3,3,0,73,1,9,17,7,25,0,1,0,0,1,1,0,0,19,2,12,4,0,0,7
sm10820620,13,0,0,0,0,31,6,1,1,4,0,5,6,1,3,0,0,0,0,0,0,0,0,3,3,5,4,0,0,3
sm10868543,0,0,0,1,0,14,6,0,0,3,0,4,2,0,0,0,0,0,0,0,0,0,0,1,0,1,0,0,0,1
sm10907267,0,0,0,0,0,1,1,0,1,0,0,0,0,1,1,0,0,0,0,0,0,0,0,0,0,0,0,0,0,0
sm10975244,0,0,0,0,0,2,0,0,0,3,0,2,2,1,0,0,17,0,0,0,0,0,0,0,0,0,0,0,0,0
sm10971662,0,11,0,2,0,4,0,1,0,0,1,0,0,0,0,0,0,0,0,0,0,0,2,0,0,2,0,0,0,0
sm11049254,0,1,0,0,0,5,0,0,0,11,0,1,0,0,0,0,0,0,0,0,0,0,0,0,0,0,0,0,0,0
sm11080597,0,0,0,0,0,6,1,0,0,0,1,3,2,0,0,0,0,0,0,0,0,0,0,0,0,1,0,0,0,1
sm11139657,0,14,0,2,0,21,2,0,6,0,0,4,0,5,1,0,0,2,0,0,0,0,11,1,1,3,0,1,0,1
sm11146117,0,7,0,1,0,7,0,7,24,1,6,6,1,0,2,0,0,0,0,6,0,0,4,0,7,7,5,0,25,0
sm11086161,0,41,0,5,0,20,3,6,34,3,14,15,10,1,10,0,0,0,0,0,0,0,28,1,4,8,1,0,44,2
sm11151641,0,0,0,0,0,2,0,1,1,0,0,0,2,0,0,0,0,0,0,0,0,0,0,0,0,0,2,0,0,0
sm11165729,0,28,0,3,0,9,1,1,5,3,0,1,1,1,2,0,0,1,0,0,0,0,18,0,1,6,1,0,3,2
sm11183729,2,0,0,0,0,4,0,0,2,3,0,0,2,1,0,0,0,1,0,1,0,0,0,0,1,0,0,1,1,0
sm11237572,21,0,0,8,0,46,3,8,53,15,0,10,13,5,1,0,0,0,0,0,0,2,1,2,6,4,6,0,50,10
sm11240351,0,0,0,0,0,6,1,0,0,27,0,4,0,0,0,0,1,1,0,0,0,0,0,4,0,1,0,0,0,0
sm11244099,0,0,0,0,0,1,0,0,0,0,1,1,3,1,0,0,0,0,0,0,0,0,0,0,1,0,0,0,0,0
sm11252628,0,0,0,0,0,10,0,0,4,0,0,1,1,0,0,0,0,1,0,0,0,0,0,0,1,1,0,0,1,3
sm11270299,0,0,0,0,0,7,2,0,0,0,0,1,0,1,0,0,0,0,0,0,0,0,0,0,0,0,0,0,0,0
sm11294837,0,2,0,0,0,0,1,0,0,0,0,0,0,1,0,0,0,0,0,0,1,0,0,0,0,1,0,0,1,1
sm11325190,0,0,0,4,0,35,3,1,0,77,0,19,2,7,12,0,8,0,2,57,0,2,0,25,3,6,4,0,2,4
sm11398259,0,0,0,0,0,6,1,0,0,2,0,3,0,2,3,0,0,6,0,0,0,0,0,1,0,1,1,0,0,1
sm11407152,0,4,0,0,0,6,0,0,0,0,1,5,2,3,0,0,1,0,0,1,0,1,3,0,1,3,0,1,0,5
sm11409063,0,0,0,5,0,32,12,0,2,4,0,7,24,9,3,0,0,2,0,0,0,1,0,1,6,16,4,0,3,6
sm11412217,0,0,0,0,0,0,1,0,0,14,0,1,0,0,0,0,0,0,0,0,0,0,0,1,1,3,0,0,0,1
sm11398357,90,0,0,44,0,47,5,12,82,4,18,37,13,8,9,0,1,1,2,0,0,2,32,3,43,63,25,17,24,9
sm11477181,0,8,0,1,0,3,0,0,2,0,1,0,6,0,1,0,0,0,0,0,0,1,0,0,3,1,1,0,3,0
sm11589161,0,2,0,0,0,3,3,0,0,1,0,0,0,0,1,0,0,0,0,0,0,0,0,0,1,1,0,0,0,0
sm11641089,6,0,0,21,0,57,8,4,46,6,2,31,6,24,12,0,0,0,1,33,0,8,0,3,6,21,8,4,23,10
sm11760748,0,0,0,0,0,1,0,3,6,1,0,3,0,0,2,0,0,0,0,0,0,0,0,0,0,0,1,0,3,1
sm11714132,0,151,0,5,0,54,7,1,2,75,57,31,106,13,5,0,7,3,3,0,0,3,198,16,32,37,8,2,0,12
sm11774439,0,0,0,4,0,4,3,0,0,4,2,13,1,2,2,0,6,4,0,2,1,0,0,1,0,1,0,0,0,2
sm11788815,0,0,0,0,0,4,0,0,0,0,0,0,0,0,0,0,0,0,0,0,0,0,0,0,0,1,0,0,0,0
sm11849610,0,2,0,0,0,10,2,1,6,2,7,4,15,1,0,0,0,0,0,0,0,0,2,0,3,1,0,0,5,1
sm11879325,0,134,0,3,0,11,0,2,2,0,11,4,2,1,2,0,0,0,0,0,0,10,25,0,3,6,1,1,5,1
sm11964950,0,0,0,0,0,35,9,5,30,5,1,4,2,4,4,0,0,0,0,0,2,0,1,1,1,9,1,0,12,5
sm11970630,42,0,0,3,0,71,14,10,48,11,7,32,6,14,12,0,3,3,2,3,1,33,11,2,12,34,11,7,29,21
sm12041264,0,0,0,1,0,6,6,1,5,4,2,2,2,2,2,0,0,0,0,0,0,0,0,0,0,5,3,2,3,1
sm12090023,0,0,0,0,0,4,3,0,0,0,0,0,0,0,1,0,0,0,0,1,0,0,0,0,0,1,0,1,0,0
sm12183265,1,0,0,0,0,1,3,1,2,0,0,2,2,2,0,0,0,0,0,0,0,0,0,0,0,2,0,1,11,0
sm12177762,0,36,0,0,0,19,4,1,1,5,6,18,3,3,2,0,0,1,0,3,0,1,16,1,8,8,9,3,1,4
sm12253877,0,1,0,0,0,2,1,0,0,0,0,0,0,2,1,0,0,0,0,0,0,0,2,0,1,0,0,0,0,2
sm12264707,41,158,0,2,0,65,37,3,19,1,14,35,26,7,17,767,5,3,0,0,0,13,66,1,28,40,5,6,22,16
sm12339479,0,2,0,0,0,10,2,0,5,0,0,2,2,4,0,0,0,0,0,0,0,0,0,0,0,1,0,0,1,6
sm12347529,0,68,0,1,0,14,4,0,0,19,1,2,3,0,0,0,0,7,0,0,0,3,11,2,0,3,0,1,0,1
sm12355109,0,0,0,1,0,5,3,2,1,1,0,13,2,6,3,0,0,0,0,0,0,0,1,0,1,0,1,1,1,1
sm12365006,0,0,0,1,0,24,3,0,0,11,1,5,6,5,2,0,0,2,0,1,0,0,0,1,0,3,0,0,0,2
sm12377743,1,0,0,0,0,0,1,1,4,0,0,2,2,1,0,0,0,0,0,1,0,0,0,4,0,1,0,0,1,2
sm12396792,11,0,0,2,0,29,4,7,34,5,3,17,18,9,6,0,0,0,0,1,0,4,0,1,3,9,3,0,47,2
sm12412526,0,14,0,1,0,7,0,0,0,5,0,1,0,2,1,0,23,0,0,9,0,0,7,0,0,2,2,0,0,2
sm12468990,0,0,0,0,0,8,3,0,0,6,0,0,1,0,0,0,0,0,0,0,0,0,0,1,0,0,0,0,0,1
sm12476122,0,0,0,0,0,3,0,0,0,0,0,0,0,1,0,0,0,1,0,0,0,0,0,1,0,0,0,0,0,0
sm12507705,0,0,0,0,0,4,1,0,0,13,0,0,0,0,0,0,0,3,0,0,0,0,0,4,0,0,0,0,0,0
sm12527072,2,0,0,0,0,6,0,0,0,12,0,1,1,0,0,0,0,0,0,0,0,0,0,3,0,0,1,0,0,0
sm12549171,47,1,0,2,0,78,34,15,97,8,3,24,14,4,6,0,0,2,0,7,0,6,5,1,9,22,7,0,96,7
sm12556756,0,7,0,0,0,8,1,0,0,8,3,3,8,0,0,0,0,0,0,0,0,0,0,2,3,1,1,0,0,0
sm12581573,0,7,0,1,0,2,0,0,0,3,0,1,0,0,2,0,0,0,0,0,1,0,1,1,0,0,0,0,0,0
sm12588223,0,0,0,0,0,6,2,0,0,0,0,1,0,0,0,0,0,0,0,0,0,0,0,0,1,2,0,0,0,1
sm12595936,0,109,0,3,0,19,8,2,22,0,48,34,36,3,10,0,0,1,0,0,0,41,25,0,25,35,3,1,14,6
sm12616812,3,0,0,0,0,11,4,0,0,1,0,1,0,1,0,0,0,0,0,0,0,0,0,0,1,1,1,0,0,0
sm12647084,0,0,0,1,0,22,4,0,8,2,0,2,0,2,3,0,0,0,0,0,0,2,2,0,0,11,0,0,5,2
sm12645546,0,0,0,0,0,24,9,0,1,2,0,6,3,2,0,0,0,0,0,0,2,0,2,1,0,7,0,0,0,3
sm12648576,0,0,0,0,0,3,0,0,2,2,0,3,1,2,0,0,0,0,0,0,0,0,0,0,0,1,0,0,1,0
sm12671927,0,2,0,0,0,13,3,0,0,2,1,2,0,0,0,0,0,1,0,0,0,0,0,3,0,1,1,0,0,0
sm12718205,0,0,0,0,0,12,5,0,0,11,0,1,1,1,2,0,0,1,0,0,0,0,0,2,0,2,0,0,0,1
sm12835874,0,2,0,0,0,1,1,0,0,1,0,0,0,0,0,0,0,1,0,0,0,0,0,0,0,0,0,0,0,0
sm12757490,0,0,0,8,0,50,4,12,0,130,4,25,10,4,7,0,9,0,0,1236,0,12,5,27,2,1,5,0,0,2
sm12864126,0,2,0,2,0,20,4,7,28,16,4,28,18,15,10,0,0,2,0,0,0,0,4,7,3,2,3,1,29,1
sm12875825,0,0,0,0,0,1,0,1,0,0,0,1,3,3,0,0,0,0,0,0,0,0,0,0,0,1,0,2,0,0
sm12888483,0,0,0,0,0,3,0,1,3,0,0,0,0,1,1,0,0,0,0,0,1,0,0,0,0,1,0,0,5,2
sm12894209,62,10,0,30,0,20,16,15,37,13,7,21,14,1,8,31,81,1,168,0,0,9,120,6,14,33,21,6,31,8
sm12929188,0,2,0,0,0,2,1,0,2,0,0,0,1,0,0,0,0,0,0,0,0,0,1,0,0,0,0,0,1,0
sm12957824,0,0,0,19,0,21,3,3,0,92,2,5,7,0,1,0,0,0,0,0,0,0,0,14,2,0,1,0,1,2
sm12967128,0,0,0,0,0,2,1,0,3,0,0,0,0,0,0,0,0,0,0,0,0,0,1,0,1,1,0,0,1,0
sm12981881,0,0,0,0,0,5,4,1,1,1,0,2,0,3,0,0,0,0,0,0,0,0,1,1,0,2,1,0,0,0
sm12990765,0,0,0,0,0,16,6,0,4,1,0,6,12,1,2,0,0,0,0,0,0,0,0,0,0,4,0,0,2,2
sm13087456,0,0,0,0,0,8,4,9,6,1,0,4,3,4,2,0,0,3,0,0,0,0,0,0,0,3,0,1,17,1
sm13101737,0,2,0,0,0,2,0,0,3,0,0,2,0,2,0,0,0,0,0,0,1,0,1,0,2,2,0,0,2,0
sm13121567,0,0,0,0,0,3,0,0,0,6,0,0,0,1,0,0,0,0,0,0,0,0,0,2,0,0,0,0,0,0
sm13124416,0,0,0,0,0,4,0,0,0,2,0,0,0,0,0,0,0,0,0,0,0,0,0,0,0,0,0,0,0,0
sm13207406,0,0,0,0,0,8,2,1,1,0,0,0,1,1,1,0,0,3,0,0,0,0,0,0,0,1,0,0,1,0
sm13269029,0,0,0,0,0,8,2,1,5,0,0,1,0,3,0,0,0,0,0,0,0,0,0,0,2,2,1,0,0,1
sm13283978,0,0,0,1,0,4,2,0,3,0,0,1,0,2,1,0,0,0,0,0,0,0,0,0,1,0,0,0,5,2
sm13304052,21,0,0,5,0,49,6,1,0,60,0,1,0,4,9,0,2,0,0,0,0,1,1,28,7,30,2,0,1,3
sm13306896,0,0,0,7,1,117,26,5,5,77,3,33,28,34,14,0,18,13,1,0,0,11,2,20,15,43,14,6,1,18
sm13355870,0,0,0,0,0,2,0,0,0,0,0,0,2,2,0,0,0,0,0,0,0,0,0,0,0,0,1,0,0,0
sm13361994,0,0,12,10,92,42,6,6,13,69,3,13,10,5,14,0,3,2,22,116,107,0,3,63,28,33,35,2,1,17
sm13523086,0,0,0,0,0,1,0,0,0,1,0,0,0,0,0,0,0,0,0,4,0,0,0,0,0,0,0,0,0,0
sm13539726,0,0,0,0,0,3,4,3,13,1,0,1,1,0,1,0,0,0,0,9,7,1,0,0,1,0,2,0,17,1
sm13611637,0,1,0,0,0,0,1,0,4,0,0,1,1,0,0,0,0,0,0,1,0,0,0,0,0,0,0,0,6,0
sm13660306,0,0,0,0,0,7,1,0,0,0,0,2,0,0,0,0,0,0,0,0,0,0,0,0,1,1,0,0,1,0
sm13667717,14,5,0,3,0,20,12,2,26,2,1,9,3,1,1,0,0,1,0,1,0,6,9,1,2,3,4,1,18,2
sm13688764,0,5,0,0,0,0,0,0,0,12,0,0,0,0,0,0,0,1,0,0,0,0,0,5,0,0,0,0,0,0
sm13743929,0,0,0,0,0,19,8,0,7,6,0,5,1,4,1,0,0,9,0,17,0,0,0,1,2,9,1,1,2,6
sm13877207,0,0,0,0,0,5,0,0,0,2,0,0,0,0,0,0,0,0,0,0,0,0,0,1,1,1,0,0,0,0
sm13828417,0,0,0,1,0,4,0,1,1,4,0,4,0,1,0,0,0,0,0,1,0,0,0,1,0,0,0,0,1,1
sm13906236,0,0,0,0,0,0,1,1,2,2,0,4,0,0,0,0,0,0,0,0,0,0,0,1,0,0,1,0,0,0
sm13933448,2,9,0,0,0,2,1,0,0,0,0,1,0,0,2,0,0,0,0,0,0,0,0,0,0,0,0,0,0,0
sm13975932,0,0,0,0,0,1,0,0,0,0,0,0,0,1,0,0,0,0,0,0,0,0,0,0,0,2,0,0,0,1
sm13984259,0,0,0,0,0,5,2,2,6,0,0,2,0,2,0,0,0,0,0,0,7,1,0,0,1,2,0,0,5,0
sm13988881,0,43,0,0,0,7,2,0,0,14,1,0,0,0,0,0,0,0,0,0,0,0,1,1,0,1,0,0,0,1
sm13991340,0,111,0,0,0,20,7,0,0,1,0,4,2,0,1,0,2,2,0,0,0,0,20,1,2,5,0,2,0,2
sm14011063,0,0,0,0,0,5,1,0,0,4,0,0,1,3,20,0,0,0,0,0,0,0,2,2,0,2,0,0,0,0
sm14019085,0,0,0,1,0,16,5,0,2,2,0,0,0,2,0,0,0,8,0,0,0,1,1,0,0,6,0,0,1,2
sm14023769,0,1,0,1,0,1,0,0,0,6,0,1,0,0,0,0,0,0,0,0,0,0,1,0,0,0,0,0,0,0
sm14026396,0,4,0,1,0,4,0,0,0,3,0,0,0,0,0,0,0,0,0,0,0,0,2,0,0,0,0,0,0,0
sm14129888,0,0,0,0,0,14,2,0,3,0,0,0,0,0,1,0,0,0,0,0,0,0,0,0,0,2,0,0,0,2
sm14162938,4,0,0,0,0,3,2,0,0,6,0,0,0,1,0,0,0,1,0,0,0,0,0,4,0,1,0,0,0,1
sm14178212,0,0,0,0,0,5,0,0,0,1,1,0,0,0,0,0,0,0,0,0,0,0,0,0,0,1,0,0,0,1
sm1418287,0,4,0,1,0,6,0,7,0,1,2,32,1,19,2,0,0,13,0,0,0,0,0,0,1,3,1,0,2,5
sm14270346,24,16,0,2,0,22,10,9,30,3,2,4,3,2,0,0,0,0,0,1,0,0,4,0,2,3,1,0,42,0
sm14188383,0,0,0,0,0,5,3,0,5,0,0,1,1,0,0,0,0,0,0,0,0,0,0,0,0,5,0,0,6,1
sm14274692,4,1,0,1,0,4,0,6,2,0,2,9,5,1,2,0,0,1,0,0,0,3,6,0,3,7,3,0,2,1
sm14300255,2,0,0,0,0,3,0,0,0,5,0,0,0,0,0,0,0,0,0,0,0,0,0,0,0,2,0,0,0,0
sm14340959,0,0,0,0,0,1,0,0,0,8,0,0,0,0,0,0,0,1,0,0,0,0,0,5,0,0,1,0,0,0
sm14367556,0,0,0,0,0,4,0,0,0,0,0,0,0,1,0,0,0,0,0,0,0,0,0,0,0,2,0,0,0,0
sm14407430,1,44,0,0,0,7,2,1,6,0,0,1,0,4,0,0,0,0,0,0,0,0,5,0,0,1,0,0,3,0
sm14503375,0,0,0,0,0,1,0,1,0,0,0,0,1,0,0,0,0,0,0,0,0,0,0,0,0,1,0,0,0,0
sm14535451,0,59,0,8,0,30,19,2,1,131,2,25,4,24,1,0,0,4,0,0,0,10,5,14,4,12,1,0,0,4
sm1459286,0,0,0,2,0,0,0,0,0,2,0,1,0,0,0,0,0,3,0,0,0,0,0,0,0,0,0,0,0,0
sm14605161,0,8,0,1,0,3,0,0,0,0,0,2,1,1,0,0,0,0,0,0,0,0,0,0,0,0,0,0,0,0
sm14619871,6,0,0,0,0,5,3,0,2,1,0,1,0,0,0,0,0,0,0,0,0,0,0,1,0,1,0,0,0,0
sm14637044,0,0,0,1,0,2,0,0,0,0,0,0,0,0,0,0,0,0,0,0,1,0,0,0,0,1,1,0,0,1
sm14606732,0,0,0,98,0,16,5,1,8,16,1,34,25,5,3,0,0,56,0,0,0,6,0,2,3,8,3,0,11,3
sm14639128,0,0,0,1,0,11,0,0,0,9,1,3,3,1,0,0,0,0,0,0,1,0,0,1,1,2,2,0,0,0
sm14639413,0,0,0,2,0,12,8,2,0,48,1,1,1,0,11,0,1,0,0,0,1,0,0,9,1,5,1,0,0,2
sm14641461,0,1,0,1,0,31,16,7,18,10,2,16,3,8,4,0,0,0,0,1,0,0,0,3,1,14,2,1,11,5
sm14657185,0,0,0,0,0,4,0,3,0,0,0,1,0,0,0,0,0,2,0,0,0,0,0,1,0,0,1,0,0,0
sm14662292,0,1,0,0,0,3,0,0,2,0,1,3,0,4,0,0,0,0,0,0,0,1,0,0,0,1,0,0,0,0
sm14679230,0,0,0,0,0,12,5,2,0,29,0,1,7,2,1,0,1,0,0,0,0,0,0,4,4,2,1,0,0,3
sm14700702,0,0,0,0,0,8,4,0,0,3,0,3,0,0,0,0,0,5,0,0,0,0,0,2,0,1,0,0,0,2
sm14704133,0,0,0,1,0,8,1,1,1,8,0,10,0,1,2,0,0,0,0,0,0,5,0,1,0,2,1,0,1,0
sm14731596,0,0,0,0,0,2,0,2,0,10,0,0,0,0,0,0,0,0,0,0,0,0,0,2,0,1,0,0,0,0
sm14742092,0,0,0,0,0,2,1,0,0,11,0,5,1,1,0,0,0,0,0,0,0,0,0,0,0,1,0,0,0,1
sm14760181,1,0,0,0,0,18,3,1,6,0,0,4,8,7,4,0,0,1,0,0,1,0,0,0,3,7,0,0,5,4
sm14820593,0,0,0,0,0,8,1,0,0,1,1,2,0,1,0,0,0,1,0,1,0,0,0,0,0,0,0,1,0,1
sm14829786,4,1,0,1,0,9,0,0,0,4,0,0,1,2,0,0,0,0,0,0,0,0,0,2,0,0,0,0,0,0
sm14849770,1,0,0,0,0,2,0,0,3,0,0,4,0,0,0,0,0,0,0,0,0,0,0,0,1,2,2,0,6,0
sm14864051,0,0,0,0,0,16,4,1,0,3,1,1,1,3,1,0,0,1,0,0,0,0,1,1,0,2,2,1,0,1
sm14891347,2,0,0,0,0,3,1,0,1,0,0,0,0,1,0,0,0,0,0,0,0,0,0,0,0,1,1,0,1,0
sm14904005,0,0,0,0,0,8,3,1,4,0,0,4,0,0,0,0,0,0,0,0,0,0,0,0,0,1,0,0,2,0
sm14926860,0,359,676,26,4060,24,4,9,22,4,16,34,55,3,7,0,148,2,7,2,107,6,133,2,32,29,14,2,13,1
sm14934781,0,2,0,31,0,11,0,1,0,0,0,13,2,1,2,0,6,9,0,0,0,3,4,4,1,4,0,0,1,1
sm14945102,0,0,0,0,0,1,0,0,0,4,0,0,0,0,0,0,0,0,0,0,0,0,0,1,0,0,0,0,0,0
sm15010446,0,0,0,0,0,6,2,1,15,0,0,0,2,1,3,0,0,0,0,0,5,0,0,0,0,3,0,0,9,2
sm14989713,1,9,0,13,0,14,2,3,4,3,1,37,6,3,4,0,0,1,97,0,0,1,41,1,11,8,3,5,1,5
sm15015175,0,0,0,0,0,1,0,0,4,0,0,0,0,0,0,0,0,0,0,2,0,0,0,0,0,1,0,0,5,0
sm15016420,0,24,48,4,258,30,4,11,1,163,10,23,6,6,7,0,229,0,8,47,1,0,46,56,25,31,22,1,0,6
sm15022913,0,0,0,26,0,52,4,1,0,9,14,33,52,16,12,0,2,28,14,0,0,2,25,33,34,52,29,16,1,6
sm15032299,1,0,0,0,0,17,10,1,0,33,0,5,4,3,0,0,0,0,0,3,0,0,0,7,2,5,0,0,0,1
sm15044727,2,0,0,0,0,5,1,1,1,1,0,1,0,0,0,0,0,0,0,0,0,0,0,0,0,0,0,0,1,1
sm15054061,0,23,0,4,0,7,2,5,31,1,2,7,1,1,9,0,0,1,0,8,33,0,0,0,2,2,3,0,37,0
sm15099538,0,0,0,0,0,3,1,0,0,1,0,2,0,0,0,0,0,0,0,1,2,0,1,0,0,2,1,0,0,0
sm15090846,0,2,0,0,0,9,4,0,1,0,0,3,5,1,0,0,0,0,0,0,5,0,0,0,3,0,1,0,0,4
sm15101518,0,1,0,2,0,2,0,2,0,16,0,4,0,0,0,0,0,0,0,4,0,1,1,10,0,0,0,0,0,0
sm15107170,0,18,0,0,0,4,0,0,5,0,1,4,2,0,0,0,0,0,0,0,0,0,10,0,1,0,0,0,0,1
sm15147135,0,0,0,0,0,4,1,0,7,0,0,1,2,2,0,0,99,0,0,0,1,0,0,0,1,0,0,0,4,0
sm15189350,0,0,0,1,0,11,2,1,0,5,0,4,0,3,2,0,0,0,0,0,0,5,0,1,2,7,1,0,0,3
sm15207451,55,291,0,1,0,22,2,2,0,24,4,9,18,3,4,0,5,0,0,0,0,0,54,11,12,5,2,1,0,2
sm15242659,0,7,0,1,0,1,1,0,0,0,2,0,1,0,0,0,0,0,0,0,0,0,0,0,0,0,0,0,0,0
sm15230821,26,0,0,20,0,35,7,3,8,20,6,5,22,7,14,0,6,0,0,0,0,0,2,5,6,22,9,4,4,4
sm15279074,51,0,0,20,0,53,19,15,0,139,5,6,55,6,14,0,3,1,0,2,0,1,0,25,5,13,4,2,0,1
sm15289816,0,1,0,0,0,1,1,1,1,0,1,0,1,5,0,0,0,0,0,2,0,0,0,0,2,0,0,0,0,1
sm15318436,0,0,0,0,0,5,0,0,2,0,0,0,0,0,0,0,0,0,0,0,0,0,0,0,2,0,0,0,1,1
sm15308214,0,5,0,76,0,32,17,10,14,10,45,38,110,4,12,0,1,2,99,35,2,3,12,4,31,37,17,905,6,9
sm15350132,0,0,0,1,0,1,0,0,0,3,0,0,0,1,0,0,0,1,0,0,0,0,0,0,0,0,0,0,0,0
sm15354560,0,0,0,1,0,4,2,0,0,4,0,0,2,0,0,0,0,0,0,0,0,0,0,0,1,0,0,0,0,1
sm15361114,0,0,0,0,0,9,3,2,2,2,0,4,1,0,0,0,0,0,0,4,0,0,0,0,0,1,0,0,1,1
sm15428781,0,0,0,0,0,4,0,0,0,0,0,1,0,0,0,0,0,0,0,0,0,0,0,0,0,0,0,0,0,0
sm15430979,3,0,0,0,0,9,0,1,0,11,0,3,1,0,0,0,0,0,0,0,0,0,0,2,0,0,2,0,0,0
sm15448244,0,0,0,0,0,8,2,0,7,3,0,2,0,2,0,0,0,1,0,0,0,0,0,0,0,0,1,1,1,1
sm15470588,0,0,0,0,0,0,0,0,0,1,0,1,0,0,0,0,0,1,0,0,3,0,0,0,0,0,0,0,0,0
sm15474540,0,0,0,2,0,6,6,2,0,2,0,2,1,9,0,0,0,3,0,2,0,0,0,1,2,2,1,0,1,1
sm15493390,0,0,0,1,0,0,5,0,0,2,0,0,0,1,1,0,0,1,0,0,0,0,0,0,0,0,0,0,0,0
sm15522291,0,0,0,0,0,6,4,0,4,1,0,2,2,2,0,0,0,1,0,0,0,0,0,0,1,5,0,0,7,0
sm15522536,0,0,0,0,0,3,1,0,1,0,0,2,0,1,0,0,0,0,0,0,0,0,0,0,0,0,0,0,0,0
sm15531021,0,0,0,0,0,5,3,0,0,0,0,0,0,2,0,0,0,3,0,0,0,0,0,1,0,1,0,0,0,3
sm15533024,0,5,0,2,0,4,1,0,7,0,4,2,1,0,0,0,0,0,0,0,0,0,2,0,2,2,0,0,1,1
sm15568640,0,0,0,0,0,8,2,0,0,0,0,1,0,0,0,0,0,0,0,0,0,0,0,0,0,1,0,0,0,0
sm15553296,0,14,0,0,0,8,2,6,18,0,2,2,5,3,5,0,0,0,0,1,0,0,1,0,1,3,0,0,31,0
sm15572522,0,0,0,0,0,12,3,1,3,0,0,0,0,0,0,0,0,0,0,0,0,0,0,0,0,1,0,0,1,0
sm15652860,0,0,0,0,0,7,1,0,2,0,0,4,0,4,0,0,0,0,0,0,0,0,0,0,1,1,0,0,0,1
sm15583068,1,5,0,2,0,4,2,0,1,0,0,4,0,3,0,0,0,0,0,0,0,0,2,0,0,0,1,0,0,1
sm15676851,32,0,0,15,0,48,5,7,9,184,2,13,5,7,17,0,15,0,1,0,0,0,0,48,13,25,9,0,3,4
sm15686024,0,0,0,0,0,4,6,0,0,1,0,2,0,1,1,0,0,0,0,0,0,0,0,0,0,1,0,0,0,0
sm15686051,0,0,0,1,0,0,2,0,0,3,0,0,0,0,0,0,0,0,0,0,2,0,0,1,0,0,0,0,0,0
sm15696369,0,0,0,0,0,6,0,2,0,3,0,0,0,0,0,0,0,0,0,0,0,0,0,0,0,0,0,0,0,0
sm15714327,0,23,0,1,0,2,0,0,7,0,1,1,8,0,1,0,0,0,0,0,0,0,1,0,1,2,0,0,5,2
sm15719556,0,0,0,0,0,39,38,3,6,56,0,14,8,1,7,0,0,1,0,0,8,2,1,15,4,23,0,0,2,3
sm15719565,0,0,0,0,0,3,2,0,1,1,0,4,1,0,0,0,0,4,0,0,0,0,0,0,0,2,1,0,0,1
sm15741427,0,0,0,0,0,1,0,0,1,0,0,0,2,0,1,0,0,0,0,0,0,0,1,0,0,1,0,0,2,0
sm15751190,1,0,0,56,0,70,5,1,3,2,13,27,21,3,38,0,0,14,1,0,0,0,0,5,17,33,8,3,1,18
sm15789837,0,0,0,0,0,5,3,0,0,0,0,1,0,1,0,0,0,1,0,0,0,0,0,0,0,0,0,0,0,1
sm15800552,1,0,0,1,0,15,1,0,0,2,0,1,1,4,0,0,0,0,0,0,0,0,0,0,0,1,0,0,0,2
sm15815944,0,32,0,1,0,2,0,1,4,0,0,2,0,2,0,0,0,0,0,0,0,0,9,0,1,0,1,0,4,0
sm15825105,0,0,0,8,0,2,0,0,0,0,0,7,0,0,4,0,0,3,0,0,0,1,0,0,0,0,0,0,0,0
sm15841119,0,0,0,0,0,2,1,0,2,0,0,1,0,0,0,0,0,1,0,0,0,0,0,0,0,1,0,0,2,0
sm15844332,0,0,0,0,0,1,2,0,1,0,0,0,0,0,0,0,0,0,0,0,0,0,0,0,0,1,0,0,1,1
sm15853580,1,10,0,0,0,4,1,1,5,0,1,3,0,2,0,0,0,0,0,0,0,0,9,0,0,3,0,0,3,0
sm15875228,0,0,0,0,0,13,5,0,2,1,0,12,4,8,1,0,0,1,0,0,0,0,1,0,0,5,0,0,1,2
sm15922203,0,15,0,0,0,10,1,0,2,0,1,2,1,2,0,0,0,0,0,0,0,0,16,1,0,2,0,0,0,0
sm15933955,0,6,0,0,0,5,2,1,0,9,1,0,0,0,0,0,0,0,0,0,0,0,1,3,0,1,0,0,0,0
sm15942116,0,0,0,0,0,5,0,0,0,2,0,0,0,0,0,0,0,0,0,0,0,0,0,2,0,1,0,0,0,0
sm15970184,0,0,0,0,0,0,0,0,0,0,0,0,1,0,0,0,0,0,0,0,0,0,0,0,1,0,0,0,0,0
sm15955450,0,0,0,3,0,5,2,0,7,3,0,2,1,1,0,0,0,0,0,15,13,0,0,1,0,1,2,1,3,0
sm15987636,0,0,0,0,0,3,1,0,11,0,0,1,1,3,1,0,0,0,0,4,4,1,0,0,1,3,2,0,2,1
sm16007598,0,0,0,0,0,1,0,0,0,2,0,0,2,0,0,0,0,1,0,0,0,0,0,0,1,0,0,0,0,0
sm15980251,0,0,0,1,0,8,0,1,0,6,0,5,3,2,1,0,0,1,0,0,0,3,0,1,0,0,0,0,0,1
sm16011363,1,0,20,3,160,62,26,23,82,1,2,16,12,4,6,0,0,0,1,0,61,4,1,0,18,27,15,4,62,5
sm16049992,7,0,0,0,0,29,8,27,0,35,0,10,4,3,2,0,0,0,0,0,0,0,0,1,0,8,1,0,0,3
sm16065869,1,0,0,0,0,0,1,2,0,3,0,0,0,0,0,0,0,0,0,0,0,0,0,0,0,0,0,0,0,1
sm16069888,0,1,0,0,0,1,1,0,0,3,1,1,2,2,0,0,0,3,0,0,0,0,0,0,0,3,0,0,0,0
sm16070272,0,0,0,0,0,1,2,2,1,1,0,1,0,1,0,0,0,0,0,3,0,0,0,0,1,0,1,0,8,0
sm16076097,0,0,0,0,0,3,0,0,0,1,1,0,0,0,0,0,0,0,0,0,0,0,0,0,0,0,0,0,0,4
sm16079453,0,0,0,0,0,5,0,0,1,2,0,2,1,0,0,0,0,0,0,0,0,1,0,2,1,1,0,0,0,0
sm16085344,0,0,0,0,0,2,4,0,0,0,0,0,0,2,0,0,0,1,0,0,0,0,0,1,0,0,0,0,0,0
sm16137694,0,0,0,1,0,2,0,1,0,13,0,0,0,1,0,0,0,0,0,0,0,0,0,0,1,1,0,0,0,0
sm16187258,0,0,0,0,0,6,1,0,0,0,0,6,0,3,0,0,0,0,0,0,0,1,0,0,0,1,1,0,1,1
sm16201802,0,0,0,0,0,9,1,0,1,2,0,0,2,1,0,0,0,1,0,0,0,0,0,2,0,2,0,0,1,0
sm16229812,0,0,0,0,0,7,5,2,0,3,0,1,0,1,0,0,0,0,0,3,0,0,0,0,0,2,1,0,1,2
sm16231559,11,8,0,2,0,23,8,1,25,0,0,5,3,0,2,0,1,0,0,0,0,0,4,0,2,6,1,0,17,2
sm16253955,0,0,0,0,0,3,1,1,5,1,0,1,0,1,0,0,0,0,0,0,3,0,0,0,1,2,1,0,2,1
sm16238717,0,0,0,14,0,18,4,4,4,1,6,11,7,13,6,0,0,1,2,7,0,13,1,1,10,30,8,0,3,3
sm16258483,0,0,0,0,0,1,0,0,0,3,0,0,0,0,0,0,0,0,0,0,0,0,0,0,0,0,0,0,0,1
sm1632617,0,4,0,0,0,3,0,0,0,0,6,7,0,3,0,0,0,3,0,0,0,0,0,0,1,1,0,0,1,0
sm16352396,0,0,0,0,0,1,1,0,0,1,0,1,4,0,0,0,0,5,0,0,0,0,1,0,0,2,0,0,0,0
sm16353783,0,0,0,7,0,110,38,18,7,69,2,23,21,55,15,0,0,7,0,0,0,11,0,12,9,32,22,14,4,14
sm16386722,3,0,0,0,0,9,2,0,0,2,0,2,0,1,1,0,0,0,0,0,0,0,0,1,0,1,0,0,0,0
sm16387915,0,0,0,0,0,17,6,1,1,0,0,3,1,2,2,0,0,0,0,0,0,0,1,0,0,7,0,0,3,3
sm16405963,15,28,0,206,0,23,6,2,0,43,33,58,4,7,8,0,0,0,1,0,0,118,17,14,5,19,5,2,4,2
sm16409992,0,0,0,0,0,2,0,0,0,2,0,0,0,1,0,0,0,0,0,0,0,0,0,0,0,0,0,0,0,1
sm16475295,0,0,0,0,0,2,1,1,1,0,1,0,0,1,1,0,0,0,0,0,0,0,0,0,0,0,0,0,3,1
sm16448432,0,0,0,0,0,6,3,0,4,0,0,1,1,0,0,0,0,0,0,1,0,1,0,0,0,1,1,0,2,1
sm16493013,0,0,0,0,0,0,0,0,0,3,1,0,0,0,0,0,0,0,0,0,0,0,0,0,0,0,0,0,0,0
sm16527005,0,0,0,0,0,1,3,0,0,0,1,2,0,1,1,0,0,0,0,0,0,0,0,0,0,0,0,0,1,1
sm16496406,0,0,0,1,0,1,0,0,0,0,0,1,2,1,0,0,0,0,0,0,0,0,0,0,0,0,1,0,0,0
sm16559290,0,0,0,0,0,2,0,0,0,5,0,1,0,0,0,0,0,0,0,0,0,0,0,0,0,0,0,0,0,0
sm16366329,56,0,0,16,0,36,2,11,6,61,3,2,41,7,13,0,193,0,0,0,10,0,0,31,75,121,9,2,0,1
sm16588541,0,0,0,0,0,5,3,0,0,0,0,0,0,2,0,0,0,0,0,0,0,0,0,0,0,1,1,0,0,0
sm16583264,0,0,0,0,0,14,5,0,0,0,0,2,0,3,0,0,0,0,0,0,0,0,3,0,1,3,0,0,1,0
sm16659931,2,0,10,4,84,47,16,3,18,2,0,5,30,9,3,0,0,0,0,1,29,0,1,0,1,10,2,0,9,8
sm16670262,0,0,0,0,0,10,5,0,0,0,0,4,0,5,1,0,0,1,0,0,0,0,0,0,2,1,0,0,0,3
sm16693218,23,117,0,13,0,50,7,7,33,36,29,41,9,15,11,0,0,0,3,0,0,31,137,7,22,43,19,1,61,2
sm16681219,0,0,0,0,0,4,0,0,0,0,0,2,0,0,0,0,0,0,0,0,0,0,0,0,0,0,0,0,0,1
sm16707821,0,5,0,0,0,12,2,1,0,21,1,2,0,1,0,0,0,2,0,0,0,0,1,3,0,0,1,1,0,1
sm16719809,0,0,0,63,10,37,8,7,0,163,27,26,45,5,10,0,0,49,168,0,0,0,7,99,56,46,16,6,0,3
sm16729081,0,9,0,1,0,6,1,2,0,29,5,6,7,0,2,0,0,0,0,0,0,0,2,3,1,2,0,1,0,1
sm16734827,4,52,0,0,0,4,0,0,1,0,3,5,1,1,3,0,0,0,0,0,0,0,10,0,2,1,0,1,0,0
sm16735237,2,0,0,0,0,4,0,0,0,1,0,2,0,1,0,0,0,0,0,0,0,0,0,1,1,2,0,0,0,2
sm16765671,0,0,1,0,2,17,5,3,34,0,0,10,6,1,1,0,0,0,0,0,27,0,0,0,2,3,1,0,22,3
sm16768902,0,0,0,12,0,5,2,2,0,5,0,6,0,0,0,0,0,0,0,1,0,0,0,0,1,2,0,0,0,2
sm16769854,4,0,0,0,0,6,0,2,4,1,1,0,2,2,1,0,0,2,0,0,0,1,0,0,1,1,1,0,7,0
sm16770185,4,0,0,0,0,0,0,0,0,2,0,0,0,0,0,0,0,0,0,0,0,0,0,0,0,2,1,0,0,0
sm16772333,0,10,0,0,0,2,0,1,0,4,0,0,3,0,0,0,0,1,0,0,0,0,2,0,1,1,0,0,0,0
sm16772487,0,2,0,0,0,17,4,3,6,17,0,4,1,4,1,0,0,0,0,5,2,0,0,3,0,7,4,0,3,2
sm16799739,0,0,0,0,0,6,3,0,0,1,1,8,2,1,0,0,0,0,0,0,0,0,0,0,2,2,0,0,2,0
sm16800139,0,0,0,0,0,3,1,0,0,1,0,0,0,0,0,0,0,0,0,0,0,0,0,0,0,0,0,0,2,0
sm16825773,0,34,0,0,0,4,1,1,9,0,0,3,0,1,0,0,0,0,0,0,0,0,2,0,1,0,0,0,3,0
sm16827089,0,1,0,0,0,1,2,1,2,1,0,0,5,0,0,0,0,0,0,0,0,0,0,0,0,1,0,0,1,1
sm16833058,1,5,0,0,0,12,4,3,0,56,4,9,15,0,0,0,0,0,0,0,0,0,1,10,6,4,1,0,0,1
sm16844849,0,97,0,1,0,45,9,2,0,12,5,20,2,3,1,0,0,1,1,0,0,0,40,1,18,21,4,3,0,4
sm16846374,1,0,0,1,0,21,0,3,0,51,7,1,13,0,4,0,6,0,0,0,0,0,0,45,19,15,3,0,0,7
sm16859428,0,1,0,4,0,92,21,5,4,57,0,24,59,15,16,0,0,11,0,0,0,3,0,17,5,38,10,0,3,11
sm16913043,0,0,2,0,11,2,2,2,4,0,0,1,0,0,1,0,0,0,0,0,0,0,0,0,0,1,0,0,0,0
sm16969007,0,1,5,1,24,31,14,5,5,8,1,2,7,6,2,0,2,0,0,3,13,0,0,3,4,4,4,1,0,6
sm16973327,0,0,0,10,0,41,6,7,25,6,3,24,11,15,13,0,135,36,12,0,0,14,6,9,20,32,36,1,12,5
sm16980824,3,53,0,0,0,15,2,6,32,1,0,3,2,2,0,0,0,2,0,0,0,0,29,0,1,4,1,0,18,2
sm17020500,0,0,0,1,0,2,0,0,5,0,0,0,2,1,0,0,0,3,0,0,0,0,0,0,0,0,0,0,2,1
sm17015301,0,4,0,0,0,3,4,2,0,9,1,1,0,0,1,0,1,2,0,0,0,0,0,6,0,1,0,0,0,2
sm17067188,3,0,0,0,0,10,0,0,0,1,0,2,0,0,2,0,0,0,0,0,0,0,0,0,0,1,0,0,0,1
sm17092280,0,0,0,0,0,2,3,0,0,4,0,1,0,1,0,0,0,0,0,0,0,0,0,0,0,1,0,0,0,0
sm17134469,0,1,0,0,0,7,4,1,0,0,3,6,1,1,0,0,0,3,0,0,0,0,0,0,2,3,1,0,0,0
sm17112691,20,0,0,2,0,29,18,3,24,14,1,5,3,8,2,0,0,19,0,0,0,0,0,2,1,9,3,1,15,7
sm17142789,10,14,0,3,0,48,8,0,0,0,2,17,41,11,7,0,12,0,2,0,0,0,27,2,24,28,7,6,1,13
sm17147346,1,0,0,0,0,10,1,0,3,1,0,5,0,0,0,0,0,0,0,0,0,0,0,0,1,0,0,0,1,1
sm1718025,0,0,0,5,0,2,0,2,0,3,0,16,0,0,5,0,0,6,0,0,0,2,1,1,2,7,0,0,0,1
sm17191781,0,641,0,13,0,43,16,1,19,2,20,21,4,4,7,0,0,0,1,1,0,12,110,4,15,38,2,0,18,5
sm17201316,0,4,0,3,0,29,9,1,2,2,1,6,5,4,2,0,0,1,0,0,0,0,2,0,6,2,0,1,1,5
sm17202463,0,0,0,0,0,0,0,1,0,0,0,0,1,0,0,0,0,0,0,0,0,0,0,0,0,0,0,0,0,0
sm17211747,0,0,0,7,0,5,0,8,0,30,2,1,1,1,3,0,0,13,0,1,0,0,0,38,0,10,0,0,0,2
sm17213108,0,0,0,0,0,4,2,0,0,3,0,6,1,3,5,0,0,0,0,0,0,0,0,0,0,2,0,0,0,3
sm17213446,0,0,0,0,0,3,0,0,0,10,0,0,0,1,1,0,0,0,0,0,0,0,0,1,0,0,0,0,0,1
sm17228726,0,5,0,1,0,3,1,0,1,0,0,3,0,1,0,0,0,3,0,0,0,0,3,0,1,5,0,0,0,2
sm17235354,0,0,0,0,0,3,1,0,4,0,1,1,0,1,1,0,0,3,0,0,0,0,0,0,0,1,0,0,1,2
sm17323674,0,13,0,0,0,2,0,0,0,0,0,1,0,1,0,0,8,0,0,0,0,0,0,0,0,2,0,0,0,0
sm17336304,0,9,0,0,0,0,0,0,0,0,0,2,0,1,0,0,0,0,0,0,0,0,2,0,0,0,0,0,0,0
sm17457529,0,18,0,0,0,5,1,0,1,0,0,1,0,1,0,0,0,0,0,0,0,0,5,0,1,1,1,0,0,0
sm1884912,0,1,0,0,0,1,0,0,3,0,0,2,0,0,0,0,0,1,0,0,0,2,0,0,0,0,0,0,0,0
sm1986944,0,0,0,0,0,5,0,1,0,0,0,0,0,0,1,0,0,0,0,0,0,0,0,0,0,0,0,0,0,0
sm2013783,0,0,0,1,0,3,1,1,0,10,0,4,0,2,1,0,0,3,0,7,7,1,0,5,0,1,0,0,0,1
sm2039810,0,0,0,0,0,2,2,1,3,1,0,6,0,0,2,0,0,3,0,0,0,0,0,0,0,2,0,0,1,3
sm2096153,0,0,0,1,0,7,0,1,0,0,0,15,0,0,1,0,0,5,0,5,14,3,0,0,2,2,2,0,0,1
sm2205860,0,0,0,0,0,1,1,0,0,0,0,9,0,1,2,0,0,9,0,0,0,0,0,2,0,4,0,0,2,1
sm2280411,0,0,0,0,0,1,0,0,0,0,0,1,0,1,0,0,0,0,0,0,0,0,0,0,0,0,0,0,0,0
sm2408207,0,0,0,0,0,5,1,0,0,0,0,1,1,0,2,0,0,1,0,0,0,0,0,1,2,2,0,0,1,1
sm2489873,0,0,0,1,0,6,1,0,0,0,0,1,0,3,1,0,0,0,0,4,5,0,0,0,0,2,0,0,0,1
sm2519176,0,20,0,0,0,13,1,0,4,8,2,8,1,2,0,0,0,3,0,0,0,0,1,1,2,1,0,0,3,3
sm2533949,0,0,0,0,0,3,0,0,0,4,0,0,2,0,0,0,0,0,0,0,2,0,0,0,0,1,0,0,0,0
sm2553659,0,0,0,0,0,11,2,0,0,0,0,3,0,2,0,0,0,0,0,0,0,0,0,0,0,1,0,0,0,1
sm2577615,0,1,0,0,0,1,0,2,0,0,0,3,0,0,0,0,0,1,0,0,0,0,0,1,1,0,1,0,2,0
sm2653480,0,0,0,1,0,1,0,7,15,2,0,1,2,1,0,0,0,0,0,0,3,0,0,1,0,1,0,0,23,0
sm2584252,0,4,0,0,0,3,0,0,0,0,1,3,0,3,2,0,0,0,0,0,0,0,2,0,0,0,0,0,0,0
sm2678744,0,1,0,13,0,35,3,11,0,75,6,61,1,7,28,0,0,8,0,4,20,112,2,14,1,14,2,2,1,2
sm2758851,0,0,0,3,0,34,6,2,0,45,2,17,1,4,5,0,0,1,0,0,15,1,0,5,1,3,0,0,0,4
sm2827322,0,0,0,0,0,4,0,2,0,3,0,2,2,0,0,0,0,6,0,1,0,0,0,2,0,0,0,0,0,1
sm3032672,0,0,0,0,0,2,0,0,0,0,0,1,1,0,0,0,0,1,0,0,0,0,0,0,1,0,0,0,0,3
sm3045725,0,0,0,2,0,10,2,0,1,0,0,8,3,2,3,0,0,0,0,0,3,0,1,0,1,5,1,0,0,1
sm3060283,0,0,0,0,0,3,0,0,0,5,3,4,0,1,0,0,0,4,0,6,0,0,0,1,1,1,0,0,0,2
sm3197958,0,0,0,0,0,3,0,0,3,0,0,1,0,0,0,0,0,0,0,0,0,0,0,0,0,0,0,0,0,1
sm3279352,0,0,0,0,0,2,0,1,0,1,2,1,1,0,0,0,0,1,0,0,0,2,0,1,0,0,0,0,0,0
sm3372198,0,0,0,0,0,2,0,0,1,0,0,1,5,0,0,0,0,2,0,0,0,0,0,1,0,1,0,0,4,0
sm3425798,0,1,0,0,0,1,0,0,0,0,1,1,0,0,0,0,0,0,0,0,0,0,0,0,2,0,0,0,0,0
sm3534601,0,0,0,0,0,23,2,0,0,4,0,5,0,2,2,0,0,4,0,0,0,0,0,2,1,4,1,0,0,4
sm3636268,0,0,0,1,0,6,17,0,0,8,0,20,0,0,0,0,0,0,0,0,1,0,0,0,0,0,1,0,0,0
sm3671490,0,0,0,2,0,7,0,1,0,33,4,6,1,3,0,0,0,4,0,0,0,0,0,11,2,0,0,0,0,3
sm3671912,0,1,0,1,0,1,0,1,0,2,2,7,0,4,5,0,0,1,0,0,0,0,1,0,0,0,0,0,0,1
sm3698889,0,0,0,0,0,2,0,3,1,1,0,0,0,0,1,0,0,1,0,0,0,0,0,0,0,0,0,0,2,0
sm3950088,0,0,0,1,0,8,1,0,0,4,0,0,0,1,0,0,0,0,0,0,0,0,0,2,1,3,0,0,0,0
sm3971759,0,0,0,0,0,4,1,0,0,4,0,3,2,0,0,0,0,2,0,0,0,0,0,0,0,2,1,0,0,0
sm4028567,0,0,0,0,0,14,3,0,0,0,0,0,0,1,1,0,0,0,0,0,4,0,0,0,2,5,0,0,1,0
sm3995757,0,1,0,1,0,35,13,21,31,1,3,15,5,13,2,0,0,19,0,17,0,1,2,0,2,14,1,1,60,4
sm4180612,0,0,0,0,0,4,1,0,0,1,0,0,0,0,0,0,0,2,0,0,0,0,0,0,0,0,0,0,0,0
sm4189459,0,0,0,1,0,11,1,1,0,24,6,5,9,2,2,0,0,1,0,4,3,0,0,4,0,0,0,0,0,2
sm4218005,0,6,0,0,0,23,2,1,0,24,8,18,4,8,2,0,0,5,1,6,0,2,13,17,12,10,5,1,0,7
sm4271005,0,0,0,0,0,1,0,1,0,2,1,0,0,0,0,0,64,0,0,0,0,0,0,1,0,3,0,0,2,2
sm4247321,0,16,0,0,0,18,0,1,0,1,18,13,65,2,0,0,0,11,0,0,0,1,5,0,3,7,3,0,1,4
sm4291081,0,0,0,0,0,1,1,0,0,1,0,0,0,1,0,0,0,2,0,0,0,0,0,0,0,0,0,0,0,0
sm4387562,0,0,0,0,0,0,0,1,0,3,1,0,0,0,0,0,0,0,0,0,0,0,0,0,1,0,0,0,0,0
sm4451787,0,0,0,0,0,12,6,0,6,0,0,5,0,1,1,0,0,12,0,0,0,0,0,0,2,1,0,0,1,2
sm4459566,0,0,0,1,0,0,1,1,0,1,2,1,1,1,0,0,0,0,0,2,0,0,0,0,2,1,0,0,0,0
sm4554935,0,1,0,8,0,17,4,36,0,77,16,19,0,2,1,0,0,16,0,0,0,0,7,59,0,3,3,0,0,0
sm4611149,0,0,0,0,0,2,0,0,1,0,2,2,0,3,0,0,0,0,0,0,3,0,1,0,1,0,0,0,0,1
sm4611428,0,0,0,1,0,2,0,0,0,2,0,1,1,1,0,0,0,1,0,0,0,0,0,1,0,0,0,0,0,0
sm4669648,0,0,0,0,0,2,2,2,4,0,1,5,0,1,0,0,0,0,0,0,0,0,0,0,1,1,2,0,0,0
sm4740727,0,0,0,4,0,7,0,0,0,7,0,2,0,0,1,0,0,0,0,1,0,0,0,1,0,0,0,0,0,0
sm4775983,0,0,0,2,0,1,0,0,0,0,1,0,1,0,1,0,0,0,0,0,0,0,0,0,0,0,0,0,0,0
sm4917069,0,0,0,0,0,35,6,0,1,0,3,13,0,8,1,0,0,4,0,0,1,0,0,0,2,3,3,0,1,9
sm4966548,0,0,0,0,0,2,0,0,1,2,0,1,0,0,0,0,0,0,0,7,5,0,0,2,0,0,0,0,0,1
sm5114973,0,0,0,2,0,0,0,0,0,8,0,1,0,0,0,0,0,0,0,4,0,0,0,3,0,0,0,0,0,0
sm5085658,0,1,0,2,0,20,0,0,0,10,0,6,7,3,6,0,0,25,0,0,0,0,0,2,4,5,3,1,0,7
sm5137683,0,0,0,0,0,2,0,0,0,5,0,0,0,0,0,0,0,2,0,0,0,0,0,1,0,0,0,0,0,2
sm5168173,0,0,0,1,0,7,0,0,0,16,0,0,1,1,1,0,0,9,0,7,0,0,0,6,0,1,1,0,0,1
sm5281569,0,0,0,0,0,7,2,0,2,0,0,2,0,4,1,0,0,0,0,1,5,0,0,0,1,1,1,0,0,2
sm5296638,0,5,0,0,0,3,1,3,3,0,2,3,21,0,0,0,0,2,0,0,0,0,1,0,1,0,0,0,3,1
sm5332327,0,0,0,0,0,1,0,0,2,0,1,2,0,0,0,0,0,0,0,0,1,0,0,0,1,0,0,0,0,0
sm5332638,0,6,0,0,0,14,2,0,4,0,6,16,35,3,2,0,0,6,0,0,0,0,4,0,2,3,2,1,2,1
sm5486732,0,0,0,0,0,1,0,1,2,0,0,0,0,0,0,0,0,0,0,0,5,1,0,0,0,0,0,0,4,0
sm5513850,0,2,0,0,0,5,0,0,0,0,0,0,1,0,0,0,0,1,0,0,0,0,0,0,0,1,0,0,3,0
sm5563391,0,2,0,2,0,13,1,2,7,0,2,4,1,3,2,0,1,2,0,0,0,0,3,0,2,2,7,0,17,8
sm5601322,0,0,0,0,0,1,1,0,0,0,0,1,0,1,0,0,0,0,0,0,0,0,0,0,0,0,0,0,1,0
sm5608513,0,0,0,2,0,1,0,1,1,3,0,5,1,1,0,0,0,6,0,0,0,2,0,1,2,3,1,0,0,0
sm5717613,0,0,0,1,0,2,0,0,0,0,0,1,5,0,0,0,0,1,0,0,0,0,1,0,4,0,0,0,0,0
sm5657281,0,0,0,0,0,1,0,0,3,0,0,0,3,2,1,0,0,0,0,0,0,0,0,0,0,0,1,0,0,0
sm5870324,0,0,0,0,0,11,1,2,3,0,0,3,1,3,5,0,0,1,0,1,14,0,0,1,3,3,0,0,8,1
sm5948584,0,0,0,0,0,3,0,0,1,0,4,0,0,0,0,0,0,0,0,0,0,0,0,0,1,0,1,0,1,1
sm6030356,0,3,0,1,0,7,0,2,3,1,4,5,5,4,0,0,0,2,0,1,0,0,4,0,3,1,1,0,2,0
sm6059337,0,1,0,0,0,1,0,0,0,0,0,2,0,0,0,0,0,0,0,0,0,0,0,0,0,0,0,0,0,0
sm6119553,0,0,0,0,0,0,0,0,0,0,0,1,0,1,0,0,0,0,0,0,0,0,0,0,0,0,0,0,0,0
sm6137627,0,0,0,0,0,0,0,0,0,0,0,0,0,0,0,0,0,0,0,0,0,0,0,0,0,0,0,0,0,0
sm6183732,0,0,0,0,0,1,0,0,0,0,0,0,0,0,0,0,0,0,0,0,0,0,0,0,0,0,0,0,0,0
sm6165498,0,0,0,10,0,17,0,13,1,3,4,6,24,4,4,0,0,0,0,15,7,0,0,2,6,6,1,0,1,4
sm6235882,0,0,0,0,0,0,0,0,0,2,0,0,0,0,0,0,0,0,0,1,0,0,0,0,0,0,0,0,0,0
sm6440455,0,0,0,0,0,1,0,0,0,0,0,1,0,1,1,0,0,0,0,1,0,0,0,0,1,0,0,0,0,1
sm6448701,0,0,0,0,0,1,1,1,0,14,0,2,0,0,0,0,0,2,0,0,0,0,0,0,0,1,1,0,0,0
sm6601567,0,0,0,0,0,4,2,0,0,1,0,1,3,1,1,0,0,0,0,0,1,0,0,0,1,0,0,0,0,3
sm6627628,0,1,0,1,0,12,0,0,3,7,2,4,0,1,2,0,0,1,0,0,0,0,0,2,1,2,0,0,0,3
sm6677536,0,0,0,0,0,0,1,0,0,3,0,0,0,0,0,0,0,2,0,0,0,0,0,0,0,0,0,0,0,1
sm6723010,0,46,30,7,178,24,8,3,4,9,44,50,7,11,5,0,0,6,0,0,12,11,35,5,17,30,6,1,7,5
sm6727398,0,0,0,0,0,4,2,1,1,0,0,3,0,2,0,0,0,0,0,0,0,0,0,0,0,0,0,0,8,1
sm6753213,0,0,0,0,0,18,5,19,16,3,0,9,2,1,1,0,0,3,0,1,1,0,0,0,1,4,2,0,15,2
sm6865106,0,5,0,1,0,25,1,0,1,9,2,3,6,1,4,0,0,1,0,0,0,2,0,0,2,4,0,0,1,5
sm6980351,0,3,0,0,0,3,0,0,0,0,2,2,1,0,0,0,0,1,0,0,0,0,0,0,0,0,0,0,0,0
sm6991834,0,0,0,5,0,6,1,1,0,30,1,5,2,0,0,0,0,0,0,1,1,0,0,6,1,0,0,0,0,0
sm7030348,0,2,0,1,0,11,2,1,0,23,0,8,0,1,0,0,1,1,0,0,0,0,0,1,2,2,1,1,0,0
sm7000665,0,2,0,1,0,7,3,0,1,1,1,5,1,0,0,0,0,0,0,0,0,0,3,2,1,3,1,0,0,1
sm7078981,0,0,0,1,0,15,3,4,0,28,2,9,1,1,6,0,0,8,0,0,0,0,0,8,0,1,3,0,0,2
sm7093221,0,0,0,0,0,4,0,0,0,0,1,2,0,0,0,0,0,0,0,0,0,0,0,0,0,0,0,0,0,1
sm7224643,0,0,0,0,0,5,2,0,2,0,0,0,1,1,1,0,0,0,0,0,0,0,0,2,0,2,0,0,1,3
sm7215797,0,0,0,0,0,14,3,0,0,0,1,6,3,5,2,0,0,2,0,0,0,0,0,0,1,2,1,0,0,2
sm7354057,0,0,0,0,0,3,2,0,0,0,0,0,0,1,1,0,0,0,0,0,0,0,0,0,0,2,0,0,0,0
sm7232278,0,0,0,14,0,6,1,0,0,0,0,11,0,1,3,0,0,1,0,0,27,2,0,0,0,0,0,0,1,0
sm7382586,0,0,0,1,0,1,0,2,0,3,0,1,3,1,2,0,0,0,0,0,0,0,0,2,0,0,0,0,0,0
sm7400854,0,0,0,0,0,3,1,0,0,0,0,0,1,0,0,0,0,2,0,0,0,0,0,0,1,1,2,1,1,0
sm7400945,0,0,0,0,0,0,0,0,0,1,0,1,0,2,0,0,0,0,0,1,0,0,0,0,0,0,0,0,1,1
sm7402532,1,0,0,0,0,9,5,0,5,1,0,1,0,4,0,0,0,3,0,4,0,0,0,1,0,1,1,2,2,0
sm7476730,0,0,0,0,0,4,1,0,0,0,0,0,0,2,0,0,0,0,0,0,0,0,0,0,0,2,0,0,0,2
sm7504739,0,0,0,0,0,3,1,0,3,0,0,1,0,1,0,0,0,0,0,0,0,0,0,0,0,0,0,0,0,1
sm7527985,0,0,0,1,0,12,0,0,0,3,0,3,3,3,0,0,0,10,0,0,0,0,1,3,2,2,0,0,0,3
sm7597329,14,0,0,11,0,17,3,5,0,37,0,9,4,4,15,0,0,2,0,2,1,0,2,5,0,4,2,0,0,3
sm7550182,0,0,0,689,0,21,0,7,4,21,3,14,17,8,12,0,0,19,0,0,0,4,3,10,3,18,3,0,1,4
sm7598217,0,0,0,4,0,13,0,2,0,28,0,3,3,3,1,0,1,0,0,0,24,0,0,10,0,0,0,0,0,3
sm7612037,0,0,0,0,0,6,1,0,0,0,0,3,0,0,0,0,0,0,0,2,6,0,0,0,0,1,0,0,0,1
sm7681611,0,0,0,0,0,3,0,0,0,0,0,5,0,1,0,0,0,0,0,0,0,0,0,0,0,2,0,0,1,1
sm7686320,0,0,0,0,0,12,1,0,6,1,0,4,0,2,0,0,0,2,0,0,0,0,0,0,0,0,1,1,4,1
sm7778065,0,0,0,0,0,5,0,0,0,0,0,2,0,0,0,0,0,0,0,0,0,0,0,0,0,0,0,0,1,1
sm7792239,0,32,0,0,0,7,3,0,0,0,0,7,10,4,1,0,0,0,0,0,0,0,28,0,3,9,0,0,0,4
sm7807845,0,0,0,0,0,1,1,0,0,0,0,0,0,0,0,0,0,0,0,0,0,0,0,0,0,0,1,0,0,0
sm7811586,0,0,0,0,0,3,0,0,0,0,0,0,1,0,0,0,0,0,0,0,0,0,0,0,0,1,0,0,0,2
sm7878515,0,1,0,0,0,6,0,1,8,0,0,2,1,5,0,0,0,0,0,0,0,0,0,0,3,5,1,0,6,0
sm7879207,0,5,0,1,0,7,1,0,1,38,1,17,5,0,0,0,0,1,0,0,0,19,1,7,2,2,0,0,0,1
sm7891168,0,2,0,0,0,2,3,1,6,0,0,0,0,0,0,0,0,0,0,0,0,0,0,0,0,1,0,0,2,0
sm7882150,0,0,0,4,0,50,9,9,37,6,1,29,16,9,14,0,0,12,4,54,9,2,6,9,12,28,26,3,29,6
sm7897854,0,0,0,8,0,8,4,1,9,1,0,4,2,1,2,0,0,0,0,0,0,2,0,0,0,3,1,0,3,1
sm7992704,1,32,0,31,0,31,5,8,20,5,10,22,16,10,6,0,1,27,2,0,0,4,85,1,18,26,5,4,9,15
sm8061167,0,1,0,0,0,1,0,0,0,0,0,1,0,3,0,0,0,0,0,0,0,0,0,0,0,0,0,0,0,1
sm8091446,4,3,0,0,0,8,1,1,6,0,1,4,5,2,0,0,0,0,0,0,0,2,2,0,6,5,1,0,4,0
sm8098660,0,0,0,0,0,0,1,0,1,0,0,0,0,0,1,0,0,0,0,0,0,0,0,0,0,0,0,0,0,0
sm8119054,0,0,0,5,0,2,2,2,4,1,0,3,0,1,0,0,0,0,0,8,0,0,0,0,0,1,3,0,0,2
sm8121199,0,1,0,0,0,0,0,0,0,0,0,0,6,0,0,0,0,0,0,0,0,0,0,0,0,0,0,0,0,0
sm8163888,0,2,0,0,0,2,1,0,0,0,0,0,1,0,0,0,0,0,0,0,0,0,0,0,0,0,0,0,0,0
sm8194738,0,0,0,0,0,3,4,0,4,0,0,1,0,0,0,0,0,0,0,0,0,0,0,0,0,0,0,0,0,1
sm8251494,0,1,0,0,0,4,0,1,0,1,0,6,1,3,0,0,0,0,0,0,0,1,1,0,0,2,0,0,0,2
sm8265929,0,0,0,1,0,8,1,0,0,1,1,1,0,1,0,0,0,2,0,0,0,0,0,0,0,1,0,0,0,2
sm8326494,0,11,0,0,0,13,4,1,1,0,7,4,5,2,0,0,0,0,0,0,11,1,4,0,0,1,3,1,4,0
sm8412978,0,0,0,1,0,13,0,0,5,0,1,6,0,1,8,0,0,14,0,12,11,1,0,1,0,6,2,0,2,1
sm8414715,0,4,0,0,0,37,5,0,5,0,1,18,10,4,3,0,0,0,0,0,0,0,4,0,3,7,0,2,5,1
sm8432098,0,0,0,1,0,8,5,0,0,1,0,2,2,0,1,0,1,0,0,0,0,0,0,0,0,4,1,0,0,0
sm8468717,0,0,0,0,0,15,7,0,0,10,1,3,0,2,3,0,0,9,0,0,0,3,0,5,1,5,1,0,0,0
sm8529991,0,0,0,4,0,1,0,1,0,0,0,4,0,0,0,0,0,0,0,0,8,0,0,0,0,0,0,0,1,1
sm8614063,0,0,0,0,0,2,2,1,3,0,0,0,0,0,0,0,0,0,0,0,0,0,0,0,0,0,0,0,2,1
sm8619149,0,0,0,1,0,2,0,0,0,20,0,7,0,2,0,0,0,14,0,9,1,0,0,5,0,3,0,0,0,0
sm8661117,0,0,0,1,0,3,0,0,0,0,0,2,1,0,1,0,0,0,0,0,0,0,0,0,0,1,0,0,0,1
sm8670561,0,0,0,2,0,2,2,0,0,19,3,4,7,0,1,0,0,12,0,1,0,1,0,2,3,3,3,0,0,0
sm8696152,0,0,0,0,0,6,2,2,3,0,0,1,0,2,0,0,0,2,0,0,0,0,0,1,0,0,1,0,0,1
sm8700898,0,0,0,0,0,1,0,0,0,2,0,1,1,0,3,0,0,0,0,0,0,0,1,0,0,1,1,0,0,3
sm8707393,0,1,0,0,0,3,1,0,0,12,0,0,0,2,0,0,0,1,0,6,0,0,3,2,0,0,0,0,0,0
sm8738313,0,0,0,0,0,20,12,0,0,4,0,2,0,1,0,0,0,1,0,13,0,0,0,3,0,1,0,0,0,3
sm8712532,0,0,0,0,0,14,5,1,1,3,0,5,4,4,1,0,0,3,0,0,0,1,0,0,2,4,2,0,0,1
sm8754973,0,0,0,0,0,1,1,0,0,0,0,0,1,0,0,0,0,0,0,0,0,0,1,0,0,0,0,0,0,0
sm8755465,0,0,0,1,0,4,2,0,0,3,1,2,3,4,1,0,0,7,0,0,0,0,0,1,0,0,1,0,0,0
sm8796407,0,0,0,1,0,3,2,0,1,0,1,0,0,2,1,0,0,0,0,0,0,0,0,0,0,2,1,0,0,2
sm8906830,0,0,0,0,0,3,1,2,0,3,0,2,0,0,0,0,0,0,0,0,0,0,0,0,0,0,0,0,0,2
sm8933166,0,0,0,12,0,58,12,17,5,130,3,17,20,40,5,4,3,50,0,0,0,1,4,35,10,41,6,2,1,6
sm8937853,0,0,0,0,0,0,0,0,1,0,0,2,0,0,0,0,0,0,0,0,0,0,0,0,0,0,0,0,0,0
sm8976018,2,0,0,0,0,4,0,0,0,2,0,0,1,3,0,0,0,0,0,0,0,0,0,1,0,0,0,0,0,0
sm9022413,0,1,0,0,0,1,0,0,0,1,0,3,4,3,2,0,0,1,0,0,0,0,0,1,0,0,0,0,0,1
sm9024627,0,4,0,1,0,1,1,0,0,0,5,1,0,0,1,0,0,0,0,0,0,0,1,0,0,2,0,1,1,0
sm9093103,0,0,0,2,0,7,3,0,1,1,0,11,3,9,0,0,0,26,0,2,0,0,0,0,0,2,2,0,0,3
sm9093561,0,2,0,0,0,4,0,0,13,0,0,1,2,0,1,0,0,0,0,0,0,0,0,0,0,2,0,1,4,1
sm9100218,0,0,0,3,0,5,0,1,0,15,0,1,0,0,0,0,0,2,0,0,0,0,0,2,0,0,1,0,0,1
sm9128830,0,0,0,0,0,2,0,0,2,0,0,1,1,0,1,0,0,0,0,0,0,1,0,0,0,0,1,0,0,2
sm9154541,0,0,0,0,0,7,4,0,4,0,0,5,1,1,1,0,0,1,0,0,0,0,0,0,1,1,0,0,2,0
sm9168029,0,1,0,0,0,0,0,0,0,7,1,2,6,1,0,0,0,0,0,0,0,0,0,0,0,1,0,0,0,0
sm9174236,0,0,0,1,0,2,0,0,0,0,0,2,1,1,2,0,0,1,0,0,0,1,0,0,0,0,0,0,0,0
sm9213450,0,0,0,12,0,4,2,0,0,0,0,1,0,1,1,0,0,0,0,1,2,0,0,0,0,0,0,0,0,1
sm9218213,0,0,0,2,0,8,3,1,11,5,0,1,2,4,0,0,2,3,0,20,1,0,0,5,4,10,10,2,2,4
sm9228896,0,0,0,0,0,1,2,0,12,0,0,1,0,2,0,0,0,0,0,0,0,0,1,0,1,0,0,0,1,0
sm9292554,0,0,0,0,0,1,0,0,2,0,0,2,0,0,0,0,0,0,0,0,0,0,0,0,0,2,0,0,2,0
sm9301676,1,0,0,3,0,56,12,10,47,6,3,20,4,9,4,0,0,0,0,45,2,0,2,0,9,14,10,5,40,12
sm9409012,0,1,0,0,0,7,2,0,0,6,4,0,1,1,0,0,0,1,0,0,0,0,0,0,1,1,1,0,3,0
sm9439204,0,2,0,0,0,6,0,0,0,0,0,1,0,1,0,0,0,0,0,0,3,0,2,0,1,2,1,0,0,0
sm9537937,0,0,0,6,0,2,0,0,0,15,0,0,1,1,0,0,0,0,0,0,9,0,0,5,0,0,0,0,0,0
sm9538407,0,1,0,0,0,0,0,0,0,0,0,0,1,0,0,0,0,0,0,0,0,0,0,0,1,0,0,0,0,0
sm9682775,0,0,0,0,0,1,0,0,1,0,0,2,1,1,1,0,0,1,0,1,0,0,0,0,0,1,0,0,1,0
sm9708587,0,0,0,0,0,0,0,0,0,4,0,0,0,0,0,0,0,1,0,0,0,1,0,0,0,0,0,0,0,0
sm9731365,0,3,0,0,0,1,0,0,0,2,2,1,0,0,0,0,0,0,0,0,0,0,0,0,0,2,0,0,0,0
sm9764858,4,0,0,1,0,2,1,2,0,3,0,0,0,0,0,0,0,0,0,0,0,0,0,0,0,0,0,0,0,1
sm9794134,0,6,0,0,0,2,0,0,0,0,4,2,2,1,1,0,0,0,0,0,0,0,2,1,0,5,0,0,0,0
sm9797544,0,0,0,0,0,8,4,0,0,0,0,4,0,1,0,0,0,4,0,0,0,0,0,0,0,2,1,0,0,2
sm9829617,0,0,0,2,0,30,11,3,0,38,0,8,11,9,2,4,2,11,0,0,0,0,3,10,1,10,5,0,0,4
sm9854305,0,0,0,0,0,2,2,0,6,0,1,5,0,0,0,0,0,0,0,0,0,0,0,0,0,0,2,0,6,0
sm9874221,0,0,0,0,0,2,0,0,4,0,2,2,0,2,0,0,0,0,0,1,1,0,0,0,0,1,2,0,5,0
sm9893696,0,0,0,4,0,13,0,0,0,27,0,8,3,0,0,0,0,0,0,0,0,0,0,0,0,1,1,0,0,1
sm9931198,0,0,0,1,0,6,2,0,0,3,0,0,0,0,0,0,0,0,0,1,0,0,0,0,0,1,0,0,0,0
sm9981341,0,0,0,0,0,4,0,0,2,1,0,2,0,0,0,0,0,0,0,0,0,0,0,0,0,0,1,0,2,2
